Time,SchedLat_Total_ms,SchedLat_Avg_ms,SchedLat_P95_ms,SchedLat_P99_ms,SchedLat_Max_ms,SchedLat_Count,SchedLat_Dropped,DState_Total_ms,DState_Count,SoftIRQ_Total_ms,SoftIRQ_Count,BaselineMode,BaselineSamples,Friction,dF_dt,Energy,Energy_W,Energy_Vol,Energy_kFactor
2026-01-19 10:19:38,170.69,0.0076,0.0150,0.0150,2.0450,22494,3,2.13,17,6.94,725,CALIBRATING,1,,,,40,0.000000,1.000000
2026-01-19 10:19:39,209.82,0.0134,0.0150,0.0150,9.5870,15633,2,49.53,36,4.48,393,CALIBRATING,2,,,,40,0.000000,1.000000
2026-01-19 10:19:40,151.65,0.0098,0.0150,0.0150,7.4450,15405,1,15.92,62,6.98,643,CALIBRATING,3,,,,40,0.000000,1.000000
2026-01-19 10:19:42,256.58,0.0111,0.0150,0.0150,6.0110,23042,2,2.71,63,14.12,1295,CALIBRATING,4,,,,40,0.000000,1.000000
2026-01-19 10:19:43,324.54,0.0148,0.0150,0.0150,11.5100,21919,3,273.01,124,6.31,443,CALIBRATING,5,,,,40,0.000000,1.000000
2026-01-19 10:19:44,192.40,0.0121,0.0150,0.0150,11.0690,15965,0,9.10,62,7.38,553,CALIBRATING,6,,,,40,0.000000,1.000000
2026-01-19 10:19:45,153.81,0.0096,0.0150,0.0150,7.4470,16030,1,4.95,31,9.65,967,CALIBRATING,7,,,,40,0.000000,1.000000
2026-01-19 10:19:46,246.78,0.0159,0.0150,0.0150,9.5460,15547,0,0.88,7,7.95,843,CALIBRATING,8,,,,40,0.000000,1.000000
2026-01-19 10:19:47,327.75,0.0172,0.0150,0.0150,24.1430,19087,1,4.94,38,9.62,734,CALIBRATING,9,,,,40,0.000000,1.000000
2026-01-19 10:19:49,286.04,0.0115,0.0150,0.0150,8.1660,24938,1,3.21,22,7.17,781,CALIBRATING,10,,,,40,0.000000,1.000000
2026-01-19 10:19:50,213.57,0.0098,0.0150,0.0150,11.7890,21828,0,3.20,57,14.28,1557,CALIBRATING,11,,,,40,0.000000,1.000000
2026-01-19 10:19:51,169.41,0.0107,0.0150,0.0150,6.4310,15797,0,6.76,45,6.49,650,CALIBRATING,12,,,,40,0.000000,1.000000
2026-01-19 10:19:52,144.67,0.0095,0.0150,0.0150,4.7630,15187,1,4.25,28,5.61,476,CALIBRATING,13,,,,40,0.000000,1.000000
2026-01-19 10:19:53,600.63,0.0254,0.0150,0.0150,12.3010,23622,3,228.23,95,6.85,499,CALIBRATING,14,,,,40,0.000000,1.000000
2026-01-19 10:19:54,448.33,0.0149,0.0150,0.0150,12.5940,29999,0,4.28,31,6.80,614,CALIBRATING,15,,,,40,0.000000,1.000000
2026-01-19 10:19:55,265.71,0.0140,0.0150,0.0150,10.5570,18924,0,6.12,31,4.10,300,CALIBRATING,16,,,,40,0.000000,1.000000
2026-01-19 10:19:56,194.28,0.0115,0.0150,0.0150,7.5450,16853,1,50.48,41,3.88,248,CALIBRATING,17,,,,40,0.000000,1.000000
2026-01-19 10:19:58,203.26,0.0096,0.0150,0.0150,6.9770,21111,0,4.60,47,8.58,665,CALIBRATING,18,,,,40,0.000000,1.000000
2026-01-19 10:19:59,354.63,0.0112,0.0150,0.0150,8.5050,31748,2,4.57,65,17.16,1369,CALIBRATING,19,,,,40,0.000000,1.000000
2026-01-19 10:20:00,150.25,0.0097,0.0150,0.0150,6.2890,15481,0,2.64,31,8.43,726,CALIBRATING,20,,,,40,0.000000,1.000000
2026-01-19 10:20:01,175.39,0.0108,0.0150,0.0150,6.6680,16314,3,6.32,69,10.31,985,CALIBRATING,21,,,,40,0.000000,1.000000
2026-01-19 10:20:02,173.26,0.0110,0.0150,0.0150,6.7530,15736,1,1.97,13,9.33,679,CALIBRATING,22,,,,40,0.000000,1.000000
2026-01-19 10:20:03,318.11,0.0130,0.0150,0.0150,10.1600,24390,1,161.71,102,8.80,622,CALIBRATING,23,,,,40,0.000000,1.000000
2026-01-19 10:20:04,163.86,0.0119,0.0150,0.0150,7.5820,13723,0,6.33,51,5.99,559,CALIBRATING,24,,,,40,0.000000,1.000000
2026-01-19 10:20:05,134.20,0.0096,0.0150,0.0150,7.3000,13973,0,3.88,24,4.05,260,CALIBRATING,25,,,,40,0.000000,1.000000
2026-01-19 10:20:06,193.66,0.0088,0.0150,0.0150,6.0620,21898,1,2.43,59,14.54,1514,CALIBRATING,26,,,,40,0.000000,1.000000
2026-01-19 10:20:08,203.52,0.0115,0.0150,0.0150,6.2770,17740,0,9.80,61,6.84,613,CALIBRATING,27,,,,40,0.000000,1.000000
2026-01-19 10:20:09,195.37,0.0097,0.0150,0.0150,6.7780,20120,0,10.49,100,5.95,651,CALIBRATING,28,,,,40,0.000000,1.000000
2026-01-19 10:20:10,166.85,0.0113,0.0150,0.0150,6.2060,14795,0,1.13,16,3.38,243,CALIBRATING,29,,,,40,0.000000,1.000000
2026-01-19 10:20:11,155.41,0.0105,0.0150,0.0150,6.5730,14842,0,3.07,39,7.47,505,CALIBRATING,30,,,,40,0.000000,1.000000
2026-01-19 10:20:12,157.76,0.0104,0.0150,0.0150,6.2040,15111,1,8.91,49,4.31,356,CALIBRATING,31,,,,40,0.000000,1.000000
2026-01-19 10:20:13,362.47,0.0172,0.0150,0.0150,18.3590,21042,2,386.72,85,7.36,551,CALIBRATING,32,,,,40,0.000000,1.000000
2026-01-19 10:20:14,206.80,0.0091,0.0150,0.0150,6.1870,22772,1,2.60,58,14.64,1637,CALIBRATING,33,,,,40,0.000000,1.000000
2026-01-19 10:20:15,140.27,0.0094,0.0150,0.0150,6.2140,14936,1,3.19,23,9.07,906,CALIBRATING,34,,,,40,0.000000,1.000000
2026-01-19 10:20:17,148.79,0.0105,0.0150,0.0150,6.5470,14213,2,1.66,9,5.97,560,CALIBRATING,35,,,,40,0.000000,1.000000
2026-01-19 10:20:18,190.24,0.0086,0.0150,0.0150,5.8410,22236,0,3.62,25,7.63,521,CALIBRATING,36,,,,40,0.000000,1.000000
2026-01-19 10:20:19,222.78,0.0085,0.0150,0.0150,7.3200,26174,1,8.11,107,15.89,1718,CALIBRATING,37,,,,40,0.000000,1.000000
2026-01-19 10:20:20,127.17,0.0097,0.0150,0.0150,6.5600,13100,0,1.95,16,5.33,447,CALIBRATING,38,,,,40,0.000000,1.000000
2026-01-19 10:20:21,150.44,0.0096,0.0150,0.0150,6.5390,15626,0,4.57,37,7.08,618,CALIBRATING,39,,,,40,0.000000,1.000000
2026-01-19 10:20:22,214.68,0.0093,0.0150,0.0150,7.7330,23173,0,13.85,95,14.92,1451,CALIBRATING,40,,,,40,0.000000,1.000000
2026-01-19 10:20:23,690.80,0.0320,0.0150,0.0150,17.8100,21586,2,906.47,151,7.44,681,CALIBRATING,41,,,,40,0.000000,1.000000
2026-01-19 10:20:24,156.26,0.0112,0.0150,0.0150,6.8350,13937,1,4.27,26,5.46,458,CALIBRATING,42,,,,40,0.000000,1.000000
2026-01-19 10:20:25,129.94,0.0092,0.0150,0.0150,6.8740,14159,0,5.31,36,3.54,288,CALIBRATING,43,,,,40,0.000000,1.000000
2026-01-19 10:20:27,171.98,0.0107,0.0150,0.0150,6.6770,16108,0,5.12,27,4.71,304,CALIBRATING,44,,,,40,0.000000,1.000000
2026-01-19 10:20:28,178.24,0.0101,0.0150,0.0150,6.6910,17729,0,3.38,22,5.83,327,CALIBRATING,45,,,,40,0.000000,1.000000
2026-01-19 10:20:29,191.10,0.0094,0.0150,0.0150,6.6820,20377,3,4.97,39,7.66,489,CALIBRATING,46,,,,40,0.000000,1.000000
2026-01-19 10:20:30,144.79,0.0101,0.0150,0.0150,6.9190,14402,1,2.18,35,8.48,433,CALIBRATING,47,,,,40,0.000000,1.000000
2026-01-19 10:20:31,232.92,0.0099,0.0150,0.0150,8.0970,23623,3,6.52,81,17.76,1787,CALIBRATING,48,,,,40,0.000000,1.000000
2026-01-19 10:20:32,142.61,0.0096,0.0150,0.0150,7.0880,14833,0,0.66,8,5.38,528,CALIBRATING,49,,,,40,0.000000,1.000000
2026-01-19 10:20:33,493.01,0.0209,0.0150,0.0150,12.0250,23628,0,233.93,166,11.62,1167,CALIBRATING,50,,,,40,0.000000,1.000000
2026-01-19 10:20:34,141.64,0.0095,0.0150,0.0150,6.4130,14869,0,1.47,12,6.57,610,CALIBRATING,51,,,,40,0.000000,1.000000
2026-01-19 10:20:35,143.01,0.0098,0.0150,0.0150,7.1600,14623,0,8.98,53,3.02,220,CALIBRATING,52,,,,40,0.000000,1.000000
2026-01-19 10:20:37,151.42,0.0099,0.0150,0.0150,14.4460,15318,1,5.21,30,5.95,631,CALIBRATING,53,,,,40,0.000000,1.000000
2026-01-19 10:20:38,168.31,0.0101,0.0150,0.0150,6.8150,16590,2,1.86,19,4.70,370,CALIBRATING,54,,,,40,0.000000,1.000000
2026-01-19 10:20:39,201.59,0.0074,0.0150,0.0150,5.9230,27396,0,6.67,90,15.87,1854,CALIBRATING,55,,,,40,0.000000,1.000000
2026-01-19 10:20:40,152.25,0.0110,0.0150,0.0150,8.2020,13899,0,1.62,16,3.13,207,CALIBRATING,56,,,,40,0.000000,1.000000
2026-01-19 10:20:41,131.78,0.0092,0.0150,0.0150,6.6400,14307,2,10.08,54,4.95,435,CALIBRATING,57,,,,40,0.000000,1.000000
2026-01-19 10:20:42,132.29,0.0088,0.0150,0.0150,6.6470,15023,2,2.61,21,5.90,512,CALIBRATING,58,,,,40,0.000000,1.000000
2026-01-19 10:20:43,378.28,0.0189,0.0150,0.0150,11.3470,20038,3,115.54,129,6.65,364,CALIBRATING,59,,,,40,0.000000,1.000000
2026-01-19 10:20:44,148.57,0.0098,0.0150,0.0150,6.4210,15086,0,8.23,49,4.53,346,CALIBRATING,60,,,,40,0.000000,1.000000
2026-01-19 10:20:45,132.77,0.0092,0.0150,0.0150,6.3830,14368,0,2.31,19,10.34,820,CALIBRATING,61,,,,40,0.000000,1.000000
2026-01-19 10:20:47,219.26,0.0095,0.0150,0.0150,7.4630,23104,3,2.40,57,16.59,1543,CALIBRATING,62,,,,40,0.000000,1.000000
2026-01-19 10:20:48,218.30,0.0097,0.0150,0.0150,7.8440,22498,0,4.92,32,10.05,463,CALIBRATING,63,,,,40,0.000000,1.000000
2026-01-19 10:20:49,188.73,0.0106,0.0150,0.0150,8.6810,17861,2,4.98,28,9.22,766,CALIBRATING,64,,,,40,0.000000,1.000000
2026-01-19 10:20:50,148.84,0.0102,0.0150,0.0150,6.2830,14657,0,5.82,36,6.03,426,CALIBRATING,65,,,,40,0.000000,1.000000
2026-01-19 10:20:51,147.24,0.0098,0.0150,0.0150,6.1670,14966,0,4.89,26,4.19,236,CALIBRATING,66,,,,40,0.000000,1.000000
2026-01-19 10:20:52,144.04,0.0100,0.0150,0.0150,6.3640,14447,2,2.23,31,7.68,579,CALIBRATING,67,,,,40,0.000000,1.000000
2026-01-19 10:20:53,371.92,0.0177,0.0150,0.0150,14.5620,21015,0,205.03,88,6.97,602,CALIBRATING,68,,,,40,0.000000,1.000000
2026-01-19 10:20:54,245.96,0.0116,0.0150,0.0150,12.6660,21203,0,3.28,65,12.55,1305,CALIBRATING,69,,,,40,0.000000,1.000000
2026-01-19 10:20:56,159.62,0.0103,0.0150,0.0150,6.3800,15491,1,8.21,53,4.92,375,CALIBRATING,70,,,,40,0.000000,1.000000
2026-01-19 10:20:57,148.85,0.0100,0.0150,0.0150,6.6200,14815,0,2.08,13,3.69,266,CALIBRATING,71,,,,40,0.000000,1.000000
2026-01-19 10:20:58,168.35,0.0097,0.0150,0.0150,6.2900,17439,0,4.91,27,4.67,274,CALIBRATING,72,,,,40,0.000000,1.000000
2026-01-19 10:20:59,193.87,0.0093,0.0150,0.0150,6.2600,20800,1,6.73,48,8.23,652,CALIBRATING,73,,,,40,0.000000,1.000000
2026-01-19 10:21:00,155.02,0.0101,0.0150,0.0150,6.7630,15306,1,7.16,48,7.61,782,CALIBRATING,74,,,,40,0.000000,1.000000
2026-01-19 10:21:01,180.26,0.0099,0.0150,0.0150,6.0610,18277,4,62.88,48,8.26,1017,CALIBRATING,75,,,,40,0.000000,1.000000
2026-01-19 10:21:02,147.54,0.0094,0.0150,0.0150,6.8560,15637,0,3.48,32,7.71,698,CALIBRATING,76,,,,40,0.000000,1.000000
2026-01-19 10:21:03,423.32,0.0135,0.0150,0.0150,9.2530,31378,1,320.07,147,17.12,1825,CALIBRATING,77,,,,40,0.000000,1.000000
2026-01-19 10:21:04,159.00,0.0113,0.0150,0.0150,16.0010,14078,1,2.23,13,7.79,780,CALIBRATING,78,,,,40,0.000000,1.000000
2026-01-19 10:21:06,168.89,0.0117,0.0150,0.0150,8.4390,14440,1,3.06,24,4.06,285,CALIBRATING,79,,,,40,0.000000,1.000000
2026-01-19 10:21:07,168.22,0.0119,0.0150,0.0150,8.3120,14135,0,2.53,15,5.98,584,CALIBRATING,80,,,,40,0.000000,1.000000
2026-01-19 10:21:08,147.00,0.0086,0.0150,0.0150,6.5160,17183,0,35.93,57,5.36,494,CALIBRATING,81,,,,40,0.000000,1.000000
2026-01-19 10:21:09,160.43,0.0081,0.0150,0.0150,6.4760,19874,0,4.84,24,6.09,781,CALIBRATING,82,,,,40,0.000000,1.000000
2026-01-19 10:21:10,139.94,0.0088,0.0150,0.0150,6.6370,15962,2,7.20,50,6.10,487,CALIBRATING,83,,,,40,0.000000,1.000000
2026-01-19 10:21:11,184.68,0.0084,0.0150,0.0150,6.5040,22092,3,2.96,53,13.39,1460,CALIBRATING,84,,,,40,0.000000,1.000000
2026-01-19 10:21:12,222.99,0.0129,0.0150,0.0150,8.7810,17301,1,22.58,122,6.51,631,CALIBRATING,85,,,,40,0.000000,1.000000
2026-01-19 10:21:13,223.61,0.0121,0.0150,0.0150,7.2900,18436,0,197.15,50,5.52,455,CALIBRATING,86,,,,40,0.000000,1.000000
2026-01-19 10:21:14,132.32,0.0089,0.0150,0.0150,6.5580,14844,0,1.97,14,5.10,426,CALIBRATING,87,,,,40,0.000000,1.000000
2026-01-19 10:21:16,168.72,0.0112,0.0150,0.0150,6.8010,15019,0,1.73,18,11.97,873,CALIBRATING,88,,,,40,0.000000,1.000000
2026-01-19 10:21:17,178.82,0.0127,0.0150,0.0150,6.5650,14106,0,3.69,13,7.25,633,CALIBRATING,89,,,,40,0.000000,1.000000
2026-01-19 10:21:18,199.52,0.0090,0.0150,0.0150,7.2990,22177,0,2.26,20,10.12,735,CALIBRATING,90,,,,40,0.000000,1.000000
2026-01-19 10:21:19,270.01,0.0079,0.0150,0.0150,6.4290,34048,3,4.66,102,23.28,2468,CALIBRATING,91,,,,40,0.000000,1.000000
2026-01-19 10:21:20,154.95,0.0098,0.0150,0.0150,6.4010,15765,0,5.85,48,8.48,599,CALIBRATING,92,,,,40,0.000000,1.000000
2026-01-19 10:21:21,167.60,0.0111,0.0150,0.0150,6.4740,15065,1,2.10,18,4.46,317,CALIBRATING,93,,,,40,0.000000,1.000000
2026-01-19 10:21:22,190.60,0.0114,0.0150,0.0150,5.9540,16735,1,218.24,155,6.46,624,CALIBRATING,94,,,,40,0.000000,1.000000
2026-01-19 10:21:23,229.90,0.0125,0.0150,0.0150,6.6760,18465,0,21.69,48,6.07,405,CALIBRATING,95,,,,40,0.000000,1.000000
2026-01-19 10:21:24,152.25,0.0105,0.0150,0.0150,6.6120,14437,0,6.91,37,5.37,357,CALIBRATING,96,,,,40,0.000000,1.000000
2026-01-19 10:21:26,210.37,0.0143,0.0150,0.0150,6.2290,14687,1,11.06,45,4.58,317,CALIBRATING,97,,,,40,0.000000,1.000000
2026-01-19 10:21:27,194.85,0.0126,0.0150,0.0150,6.7050,15452,0,0.57,5,3.49,223,CALIBRATING,98,,,,40,0.000000,1.000000
2026-01-19 10:21:28,241.06,0.0091,0.0150,0.0150,6.8040,26444,1,3.00,60,14.08,1332,CALIBRATING,99,,,,40,0.000000,1.000000
2026-01-19 10:21:29,161.48,0.0082,0.0150,0.0150,4.7190,19725,0,3.19,21,6.71,357,CALIBRATING,100,,,,40,0.000000,1.000000
2026-01-19 10:21:30,174.32,0.0107,0.0150,0.0150,5.6410,16217,0,4.50,42,7.90,587,CALIBRATING,101,,,,40,0.000000,1.000000
2026-01-19 10:21:31,159.63,0.0103,0.0150,0.0150,6.1760,15528,0,1.79,18,10.33,567,CALIBRATING,102,,,,40,0.000000,1.000000
2026-01-19 10:21:32,264.17,0.0156,0.0150,0.0150,9.6960,16976,1,228.21,75,5.83,471,CALIBRATING,103,,,,40,0.000000,1.000000
2026-01-19 10:21:33,385.40,0.0185,0.0150,0.0150,8.6560,20878,0,15.31,65,10.60,780,CALIBRATING,104,,,,40,0.000000,1.000000
2026-01-19 10:21:34,165.39,0.0108,0.0150,0.0150,6.9800,15247,0,371.67,61,6.01,445,CALIBRATING,105,,,,40,0.000000,1.000000
2026-01-19 10:21:36,249.24,0.0117,0.0150,0.0150,6.4930,21347,0,7.94,87,13.35,1232,CALIBRATING,106,,,,40,0.000000,1.000000
2026-01-19 10:21:37,156.25,0.0103,0.0150,0.0150,7.2630,15172,0,1.72,17,6.40,490,CALIBRATING,107,,,,40,0.000000,1.000000
2026-01-19 10:21:38,160.19,0.0096,0.0150,0.0150,7.2740,16655,1,3.46,23,3.94,273,CALIBRATING,108,,,,40,0.000000,1.000000
2026-01-19 10:21:39,159.47,0.0083,0.0150,0.0150,6.1040,19105,1,5.43,33,5.87,430,CALIBRATING,109,,,,40,0.000000,1.000000
2026-01-19 10:21:40,192.88,0.0134,0.0150,0.0150,10.1750,14388,1,5.54,45,6.83,555,CALIBRATING,110,,,,40,0.000000,1.000000
2026-01-19 10:21:41,146.95,0.0107,0.0150,0.0150,6.1470,13741,0,10.95,56,4.96,294,CALIBRATING,111,,,,40,0.000000,1.000000
2026-01-19 10:21:42,203.65,0.0113,0.0150,0.0150,6.9470,18040,1,253.30,107,3.48,251,CALIBRATING,112,,,,40,0.000000,1.000000
2026-01-19 10:21:43,247.73,0.0095,0.0150,0.0150,6.6020,26075,1,14.70,185,17.81,1850,CALIBRATING,113,,,,40,0.000000,1.000000
2026-01-19 10:21:44,149.21,0.0104,0.0150,0.0150,6.0390,14297,0,3.31,15,4.80,366,CALIBRATING,114,,,,40,0.000000,1.000000
2026-01-19 10:21:46,157.11,0.0108,0.0150,0.0150,6.6840,14514,0,3.09,25,7.61,765,CALIBRATING,115,,,,40,0.000000,1.000000
2026-01-19 10:21:47,140.03,0.0091,0.0150,0.0150,6.3390,15432,3,1.88,11,9.16,844,CALIBRATING,116,,,,40,0.000000,1.000000
2026-01-19 10:21:48,176.11,0.0079,0.0150,0.0150,6.3090,22242,2,3.34,18,7.78,613,CALIBRATING,117,,,,40,0.000000,1.000000
2026-01-19 10:21:49,156.84,0.0096,0.0150,0.0150,6.2770,16423,0,1.59,17,7.04,519,CALIBRATING,118,,,,40,0.000000,1.000000
2026-01-19 10:21:50,147.31,0.0102,0.0150,0.0150,6.6750,14413,0,5.33,30,6.52,509,CALIBRATING,119,,,,40,0.000000,1.000000
2026-01-19 10:21:51,188.41,0.0085,0.0150,0.0150,5.8210,22251,0,4.62,84,13.39,1410,CALIBRATING,120,,,,40,0.000000,1.000000
2026-01-19 10:21:52,324.89,0.0192,0.0150,0.0150,19.8110,16951,1,239.30,65,5.54,626,CALIBRATING,121,,,,40,0.000000,1.000000
2026-01-19 10:21:53,239.84,0.0131,0.0150,0.0150,7.1080,18273,1,11.12,68,9.08,662,CALIBRATING,122,,,,40,0.000000,1.000000
2026-01-19 10:21:54,147.93,0.0102,0.0150,0.0150,5.6610,14526,0,2.24,13,4.88,416,CALIBRATING,123,,,,40,0.000000,1.000000
2026-01-19 10:21:56,146.92,0.0097,0.0150,0.0150,6.1460,15164,0,11.27,61,3.17,231,CALIBRATING,124,,,,40,0.000000,1.000000
2026-01-19 10:21:57,141.13,0.0089,0.0150,0.0150,6.2760,15866,2,1.43,12,4.90,404,CALIBRATING,125,,,,40,0.000000,1.000000
2026-01-19 10:21:58,152.86,0.0090,0.0150,0.0150,6.2600,17009,0,4.64,17,4.87,345,CALIBRATING,126,,,,40,0.000000,1.000000
2026-01-19 10:21:59,153.31,0.0076,0.0150,0.0150,6.2180,20139,1,1.54,12,5.39,401,CALIBRATING,127,,,,40,0.000000,1.000000
2026-01-19 10:22:00,202.86,0.0089,0.0150,0.0150,6.1160,22910,2,4.41,95,14.71,1563,CALIBRATING,128,,,,40,0.000000,1.000000
2026-01-19 10:22:01,153.22,0.0094,0.0150,0.0150,6.0110,16284,0,3.79,37,11.99,595,CALIBRATING,129,,,,40,0.000000,1.000000
2026-01-19 10:22:02,230.72,0.0116,0.0150,0.0150,6.2560,19805,1,208.79,78,7.23,462,CALIBRATING,130,,,,40,0.000000,1.000000
2026-01-19 10:22:03,192.91,0.0101,0.0150,0.0150,6.3050,19182,1,5.54,40,10.09,581,CALIBRATING,131,,,,40,0.000000,1.000000
2026-01-19 10:22:05,168.22,0.0115,0.0150,0.0150,7.0380,14576,1,2.54,16,5.58,325,CALIBRATING,132,,,,40,0.000000,1.000000
2026-01-19 10:22:06,152.14,0.0107,0.0150,0.0150,6.3110,14183,1,1.87,19,5.81,463,CALIBRATING,133,,,,40,0.000000,1.000000
2026-01-19 10:22:07,150.86,0.0107,0.0150,0.0150,6.2460,14046,0,0.34,6,4.33,312,CALIBRATING,134,,,,40,0.000000,1.000000
2026-01-19 10:22:08,266.91,0.0105,0.0150,0.0150,11.9000,25510,4,11.61,92,13.28,1390,CALIBRATING,135,,,,40,0.000000,1.000000
2026-01-19 10:22:09,169.69,0.0093,0.0150,0.0150,6.0440,18280,0,0.96,10,6.41,575,CALIBRATING,136,,,,40,0.000000,1.000000
2026-01-19 10:22:10,131.67,0.0093,0.0150,0.0150,5.9890,14098,0,4.52,28,4.73,339,CALIBRATING,137,,,,40,0.000000,1.000000
2026-01-19 10:22:11,173.19,0.0114,0.0150,0.0150,6.4330,15168,0,5.69,38,6.12,638,CALIBRATING,138,,,,40,0.000000,1.000000
2026-01-19 10:22:12,275.49,0.0130,0.0150,0.0150,9.7130,21122,0,193.30,126,4.82,312,CALIBRATING,139,,,,40,0.000000,1.000000
2026-01-19 10:22:13,204.29,0.0129,0.0150,0.0150,7.0790,15836,0,4.84,42,8.24,805,CALIBRATING,140,,,,40,0.000000,1.000000
2026-01-19 10:22:15,142.56,0.0104,0.0150,0.0150,6.5650,13758,1,1.95,13,5.79,348,CALIBRATING,141,,,,40,0.000000,1.000000
2026-01-19 10:22:16,225.18,0.0090,0.0150,0.0150,6.1040,25043,4,74.99,68,16.75,1513,CALIBRATING,142,,,,40,0.000000,1.000000
2026-01-19 10:22:17,144.68,0.0102,0.0150,0.0150,6.1500,14219,0,2.00,10,7.46,705,CALIBRATING,143,,,,40,0.000000,1.000000
2026-01-19 10:22:18,193.11,0.0085,0.0150,0.0150,6.2980,22789,2,8.84,27,5.80,585,CALIBRATING,144,,,,40,0.000000,1.000000
2026-01-19 10:22:19,207.19,0.0084,0.0150,0.0150,6.3260,24760,2,1.52,58,18.30,1828,CALIBRATING,145,,,,40,0.000000,1.000000
2026-01-19 10:22:20,158.68,0.0106,0.0150,0.0150,6.1260,15014,0,7.41,37,6.87,518,CALIBRATING,146,,,,40,0.000000,1.000000
2026-01-19 10:22:21,172.32,0.0109,0.0150,0.0150,5.9860,15796,0,7.16,44,5.66,430,CALIBRATING,147,,,,40,0.000000,1.000000
2026-01-19 10:22:22,251.95,0.0116,0.0150,0.0150,9.8750,21770,4,247.02,149,6.71,527,CALIBRATING,148,,,,40,0.000000,1.000000
2026-01-19 10:22:23,216.09,0.0124,0.0150,0.0150,7.1550,17402,1,514.22,61,7.37,558,CALIBRATING,149,,,,40,0.000000,1.000000
2026-01-19 10:22:25,251.07,0.0115,0.0150,0.0150,7.7400,21880,2,7.15,80,16.36,1614,CALIBRATING,150,,,,40,0.000000,1.000000
2026-01-19 10:22:26,144.93,0.0098,0.0150,0.0150,6.2170,14805,0,7.48,45,3.45,229,CALIBRATING,151,,,,40,0.000000,1.000000
2026-01-19 10:22:27,140.32,0.0104,0.0150,0.0150,6.6610,13519,1,0.27,3,4.32,194,CALIBRATING,152,,,,40,0.000000,1.000000
2026-01-19 10:22:28,188.87,0.0095,0.0150,0.0150,6.3010,19800,0,6.21,40,6.11,414,CALIBRATING,153,,,,40,0.000000,1.000000
2026-01-19 10:22:29,185.02,0.0095,0.0150,0.0150,6.2570,19392,0,0.80,10,5.58,360,CALIBRATING,154,,,,40,0.000000,1.000000
2026-01-19 10:22:30,144.35,0.0103,0.0150,0.0150,7.4410,14068,0,3.33,29,5.43,455,CALIBRATING,155,,,,40,0.000000,1.000000
2026-01-19 10:22:31,162.20,0.0108,0.0150,0.0150,6.7970,14979,0,4.50,41,13.24,959,CALIBRATING,156,,,,40,0.000000,1.000000
2026-01-19 10:22:32,292.67,0.0101,0.0150,0.0150,6.3690,29101,1,146.03,154,15.03,1534,CALIBRATING,157,,,,40,0.000000,1.000000
2026-01-19 10:22:33,187.94,0.0105,0.0150,0.0150,6.8830,17938,1,10.35,55,8.42,409,CALIBRATING,158,,,,40,0.000000,1.000000
2026-01-19 10:22:35,152.69,0.0103,0.0150,0.0150,6.2390,14880,0,3.49,31,8.14,698,CALIBRATING,159,,,,40,0.000000,1.000000
2026-01-19 10:22:36,141.12,0.0092,0.0150,0.0150,6.0800,15418,0,8.78,74,6.71,344,CALIBRATING,160,,,,40,0.000000,1.000000
2026-01-19 10:22:37,153.14,0.0110,0.0150,0.0150,6.4650,13955,0,0.31,7,4.21,378,CALIBRATING,161,,,,40,0.000000,1.000000
2026-01-19 10:22:38,169.07,0.0098,0.0150,0.0150,6.5220,17335,1,2.30,13,5.53,240,CALIBRATING,162,,,,40,0.000000,1.000000
2026-01-19 10:22:39,173.74,0.0086,0.0150,0.0150,6.4470,20261,2,8.25,33,6.09,309,CALIBRATING,163,,,,40,0.000000,1.000000
2026-01-19 10:22:40,248.15,0.0105,0.0150,0.0150,6.4330,23608,2,9.81,83,15.96,1457,CALIBRATING,164,,,,40,0.000000,1.000000
2026-01-19 10:22:41,187.88,0.0133,0.0150,0.0150,6.7010,14153,0,5.16,38,6.24,316,CALIBRATING,165,,,,40,0.000000,1.000000
2026-01-19 10:22:42,355.54,0.0160,0.0150,0.0150,7.9750,22241,2,233.49,161,8.49,467,CALIBRATING,166,,,,40,0.000000,1.000000
2026-01-19 10:22:43,222.44,0.0165,0.0150,0.0150,9.5160,13510,0,6.94,47,6.29,262,CALIBRATING,167,,,,40,0.000000,1.000000
2026-01-19 10:22:45,170.18,0.0115,0.0150,0.0150,6.3020,14760,1,3.06,35,9.69,669,CALIBRATING,168,,,,40,0.000000,1.000000
2026-01-19 10:22:46,156.92,0.0111,0.0150,0.0150,6.9750,14083,1,4.29,33,8.40,305,CALIBRATING,169,,,,40,0.000000,1.000000
2026-01-19 10:22:47,151.18,0.0106,0.0150,0.0150,6.4100,14252,1,1.80,10,8.65,708,CALIBRATING,170,,,,40,0.000000,1.000000
2026-01-19 10:22:48,238.19,0.0076,0.0150,0.0150,6.2250,31225,1,4.04,64,14.91,1517,CALIBRATING,171,,,,40,0.000000,1.000000
2026-01-19 10:22:49,177.98,0.0102,0.0150,0.0150,6.3280,17511,0,0.68,11,8.68,360,CALIBRATING,172,,,,40,0.000000,1.000000
2026-01-19 10:22:50,146.25,0.0099,0.0150,0.0150,6.2970,14749,1,2.04,19,9.23,455,CALIBRATING,173,,,,40,0.000000,1.000000
2026-01-19 10:22:51,148.17,0.0098,0.0150,0.0150,6.4850,15187,1,4.84,29,4.01,238,CALIBRATING,174,,,,40,0.000000,1.000000
2026-01-19 10:22:52,272.74,0.0126,0.0150,0.0150,6.7680,21684,1,201.67,105,7.84,641,CALIBRATING,175,,,,40,0.000000,1.000000
2026-01-19 10:22:54,180.44,0.0122,0.0150,0.0150,6.9670,14740,0,9.26,41,6.77,502,CALIBRATING,176,,,,40,0.000000,1.000000
2026-01-19 10:22:55,151.45,0.0099,0.0150,0.0150,6.5840,15285,2,3.63,34,8.27,736,CALIBRATING,177,,,,40,0.000000,1.000000
2026-01-19 10:22:56,158.05,0.0108,0.0150,0.0150,6.1890,14675,2,10.29,57,3.93,149,CALIBRATING,178,,,,40,0.000000,1.000000
2026-01-19 10:22:57,295.99,0.0128,0.0150,0.0150,9.7070,23108,1,2.52,47,16.67,1350,CALIBRATING,179,,,,40,0.000000,1.000000
2026-01-19 10:22:58,210.82,0.0114,0.0150,0.0150,6.5080,18530,1,6.27,31,7.02,392,CALIBRATING,180,,,,40,0.000000,1.000000
2026-01-19 10:22:59,193.33,0.0097,0.0150,0.0150,7.7990,19861,1,0.76,11,7.50,391,CALIBRATING,181,,,,40,0.000000,1.000000
2026-01-19 10:23:00,203.30,0.0119,0.0150,0.0150,7.5710,17114,2,6.25,55,8.78,578,CALIBRATING,182,,,,40,0.000000,1.000000
2026-01-19 10:23:01,163.04,0.0111,0.0150,0.0150,7.2430,14647,0,1.47,11,10.26,264,CALIBRATING,183,,,,40,0.000000,1.000000
2026-01-19 10:23:02,634.20,0.0287,0.0150,0.0150,16.5800,22094,3,317.05,141,11.33,741,CALIBRATING,184,,,,40,0.000000,1.000000
2026-01-19 10:23:04,235.95,0.0122,0.0150,0.0150,5.6700,19300,0,4.05,37,10.68,364,CALIBRATING,185,,,,40,0.000000,1.000000
2026-01-19 10:23:05,209.27,0.0093,0.0150,0.0150,7.1040,22439,3,3.93,77,16.91,1514,CALIBRATING,186,,,,40,0.000000,1.000000
2026-01-19 10:23:06,188.38,0.0132,0.0150,0.0150,6.7910,14280,1,4.13,24,7.52,632,CALIBRATING,187,,,,40,0.000000,1.000000
2026-01-19 10:23:07,192.64,0.0145,0.0150,0.0150,8.2600,13328,1,0.51,8,5.03,214,CALIBRATING,188,,,,40,0.000000,1.000000
2026-01-19 10:23:08,189.88,0.0107,0.0150,0.0150,6.6710,17769,4,16.32,45,6.63,329,CALIBRATING,189,,,,40,0.000000,1.000000
2026-01-19 10:23:09,194.60,0.0106,0.0150,0.0150,6.6780,18319,0,1.00,10,6.45,490,CALIBRATING,190,,,,40,0.000000,1.000000
2026-01-19 10:23:10,177.02,0.0120,0.0150,0.0150,6.6170,14753,2,2.12,22,7.41,356,CALIBRATING,191,,,,40,0.000000,1.000000
2026-01-19 10:23:11,159.53,0.0110,0.0150,0.0150,6.6130,14508,1,5.39,31,5.13,230,CALIBRATING,192,,,,40,0.000000,1.000000
2026-01-19 10:23:12,289.59,0.0097,0.0150,0.0150,6.9630,29973,3,276.05,254,17.52,1528,CALIBRATING,193,,,,40,0.000000,1.000000
2026-01-19 10:23:14,305.89,0.0205,0.0150,0.0150,13.5290,14936,1,3.66,28,7.68,495,CALIBRATING,194,,,,40,0.000000,1.000000
2026-01-19 10:23:15,151.19,0.0107,0.0150,0.0150,7.2800,14157,0,2.48,15,7.47,411,CALIBRATING,195,,,,40,0.000000,1.000000
2026-01-19 10:23:16,180.32,0.0113,0.0150,0.0150,7.6560,15926,0,8.45,39,11.95,826,CALIBRATING,196,,,,40,0.000000,1.000000
2026-01-19 10:23:17,165.06,0.0107,0.0150,0.0150,6.4260,15410,0,7.47,81,8.31,527,CALIBRATING,197,,,,40,0.000000,1.000000
2026-01-19 10:23:18,201.09,0.0090,0.0150,0.0150,6.0570,22270,0,10.40,33,7.07,416,CALIBRATING,198,,,,40,0.000000,1.000000
2026-01-19 10:23:19,223.46,0.0088,0.0150,0.0150,6.4680,25321,6,4.81,62,19.34,1493,CALIBRATING,199,,,,40,0.000000,1.000000
2026-01-19 10:23:20,208.34,0.0104,0.0150,0.0150,6.3200,20056,1,4.96,54,13.64,1159,CALIBRATING,200,,,,40,0.000000,1.000000
2026-01-19 10:23:21,188.17,0.0109,0.0150,0.0150,6.4580,17310,1,1.58,24,8.55,650,CALIBRATING,201,,,,40,0.000000,1.000000
2026-01-19 10:23:22,297.57,0.0144,0.0150,0.0150,6.1430,20694,3,261.71,193,10.27,473,CALIBRATING,202,,,,40,0.000000,1.000000
2026-01-19 10:23:24,202.15,0.0127,0.0150,0.0150,6.8800,15895,0,363.12,70,5.76,316,CALIBRATING,203,,,,40,0.000000,1.000000
2026-01-19 10:23:25,213.12,0.0129,0.0150,0.0150,9.9570,16473,1,214.37,78,9.00,476,CALIBRATING,204,,,,40,0.000000,1.000000
2026-01-19 10:23:26,152.11,0.0099,0.0150,0.0150,6.9610,15314,1,5.66,46,5.83,531,CALIBRATING,205,,,,40,0.000000,1.000000
2026-01-19 10:23:27,154.11,0.0106,0.0150,0.0150,7.3460,14579,4,2.55,12,4.43,260,CALIBRATING,206,,,,40,0.000000,1.000000
2026-01-19 10:23:28,199.54,0.0105,0.0150,0.0150,6.9530,18918,0,6.88,25,6.73,244,CALIBRATING,207,,,,40,0.000000,1.000000
2026-01-19 10:23:29,376.05,0.0132,0.0150,0.0150,22.3340,28402,1,1.79,51,16.61,1356,CALIBRATING,208,,,,40,0.000000,1.000000
2026-01-19 10:23:30,225.63,0.0139,0.0150,0.0150,8.3900,16244,1,4.98,36,8.44,487,CALIBRATING,209,,,,40,0.000000,1.000000
2026-01-19 10:23:31,221.12,0.0147,0.0150,0.0150,8.0270,15010,2,5.38,24,12.91,400,CALIBRATING,210,,,,40,0.000000,1.000000
2026-01-19 10:23:33,370.79,0.0172,0.0150,0.0150,17.4960,21545,1,125.84,157,8.64,424,CALIBRATING,211,,,,40,0.000000,1.000000
2026-01-19 10:23:34,201.48,0.0109,0.0150,0.0150,6.5790,18565,0,5.60,55,10.60,668,CALIBRATING,212,,,,40,0.000000,1.000000
2026-01-19 10:23:35,194.70,0.0141,0.0150,0.0150,7.9410,13813,0,0.91,9,8.58,364,CALIBRATING,213,,,,40,0.000000,1.000000
2026-01-19 10:23:36,175.13,0.0109,0.0150,0.0150,7.2850,16059,0,8.55,67,10.52,598,CALIBRATING,214,,,,40,0.000000,1.000000
2026-01-19 10:23:37,248.68,0.0111,0.0150,0.0150,7.4010,22406,2,6.84,79,12.69,1140,CALIBRATING,215,,,,40,0.000000,1.000000
2026-01-19 10:23:38,195.25,0.0111,0.0150,0.0150,7.2590,17628,1,1.40,18,9.09,544,CALIBRATING,216,,,,40,0.000000,1.000000
2026-01-19 10:23:39,386.83,0.0201,0.0150,0.0150,15.9050,19265,3,5.46,22,7.44,411,CALIBRATING,217,,,,40,0.000000,1.000000
2026-01-19 10:23:40,172.82,0.0115,0.0150,0.0150,7.3220,15052,0,12.32,59,6.54,474,CALIBRATING,218,,,,40,0.000000,1.000000
2026-01-19 10:23:41,174.75,0.0132,0.0150,0.0150,8.1370,13217,0,1.48,14,4.49,232,CALIBRATING,219,,,,40,0.000000,1.000000
2026-01-19 10:23:43,372.75,0.0172,0.0150,0.0150,13.6320,21695,5,222.60,89,6.00,372,CALIBRATING,220,,,,40,0.000000,1.000000
2026-01-19 10:23:44,163.65,0.0105,0.0150,0.0150,6.1450,15557,0,12.05,85,8.37,481,CALIBRATING,221,,,,40,0.000000,1.000000
2026-01-19 10:23:45,201.72,0.0088,0.0150,0.0150,6.4530,23017,1,4.58,51,16.20,1375,CALIBRATING,222,,,,40,0.000000,1.000000
2026-01-19 10:23:46,172.79,0.0114,0.0150,0.0150,6.5540,15166,2,5.83,46,8.01,492,CALIBRATING,223,,,,40,0.000000,1.000000
2026-01-19 10:23:47,159.45,0.0105,0.0150,0.0150,7.1180,15219,0,3.87,19,10.22,680,CALIBRATING,224,,,,40,0.000000,1.000000
2026-01-19 10:23:48,189.14,0.0087,0.0150,0.0150,6.9630,21684,1,3.75,17,8.04,501,CALIBRATING,225,,,,40,0.000000,1.000000
2026-01-19 10:23:49,158.11,0.0094,0.0150,0.0150,7.4090,16795,1,3.53,19,6.88,323,CALIBRATING,226,,,,40,0.000000,1.000000
2026-01-19 10:23:50,180.40,0.0120,0.0150,0.0150,8.5100,15079,2,4.13,28,7.69,458,CALIBRATING,227,,,,40,0.000000,1.000000
2026-01-19 10:23:51,177.41,0.0130,0.0150,0.0150,7.8890,13621,0,3.32,16,4.58,210,CALIBRATING,228,,,,40,0.000000,1.000000
2026-01-19 10:23:53,296.67,0.0139,0.0150,0.0150,7.7420,21354,3,177.84,92,6.76,320,CALIBRATING,229,,,,40,0.000000,1.000000
2026-01-19 10:23:54,221.49,0.0090,0.0150,0.0150,7.4430,24664,3,7.15,119,18.82,1537,CALIBRATING,230,,,,40,0.000000,1.000000
2026-01-19 10:23:55,160.45,0.0113,0.0150,0.0150,6.5720,14144,0,0.89,8,6.51,504,CALIBRATING,231,,,,40,0.000000,1.000000
2026-01-19 10:23:56,151.10,0.0091,0.0150,0.0150,7.8360,16522,1,11.13,74,6.33,549,CALIBRATING,232,,,,40,0.000000,1.000000
2026-01-19 10:23:57,173.23,0.0118,0.0150,0.0150,7.6500,14679,0,1.83,7,4.61,334,CALIBRATING,233,,,,40,0.000000,1.000000
2026-01-19 10:23:58,174.45,0.0102,0.0150,0.0150,7.4760,17025,2,5.41,32,4.38,243,CALIBRATING,234,,,,40,0.000000,1.000000
2026-01-19 10:23:59,172.29,0.0084,0.0150,0.0150,6.9230,20603,1,4.83,36,7.67,614,CALIBRATING,235,,,,40,0.000000,1.000000
2026-01-19 10:24:00,166.23,0.0112,0.0150,0.0150,7.8940,14834,0,2.31,13,6.07,349,CALIBRATING,236,,,,40,0.000000,1.000000
2026-01-19 10:24:02,234.52,0.0106,0.0150,0.0150,8.9130,22034,0,5.59,83,18.14,1753,CALIBRATING,237,,,,40,0.000000,1.000000
2026-01-19 10:24:03,312.76,0.0126,0.0150,0.0150,10.5220,24773,0,239.26,112,12.93,966,CALIBRATING,238,,,,40,0.000000,1.000000
2026-01-19 10:24:04,177.54,0.0116,0.0150,0.0150,9.2970,15292,1,4.74,50,9.83,741,CALIBRATING,239,,,,40,0.000000,1.000000
2026-01-19 10:24:05,150.73,0.0107,0.0150,0.0150,6.5990,14070,1,3.66,14,7.68,708,CALIBRATING,240,,,,40,0.000000,1.000000
2026-01-19 10:24:06,144.75,0.0107,0.0150,0.0150,6.9350,13539,0,2.19,16,7.39,536,CALIBRATING,241,,,,40,0.000000,1.000000
2026-01-19 10:24:07,155.35,0.0107,0.0150,0.0150,7.3350,14532,0,3.51,33,5.19,424,CALIBRATING,242,,,,40,0.000000,1.000000
2026-01-19 10:24:08,206.78,0.0128,0.0150,0.0150,7.3870,16200,3,6.44,38,7.52,535,CALIBRATING,243,,,,40,0.000000,1.000000
2026-01-19 10:24:09,260.62,0.0090,0.0150,0.0150,6.9870,28968,2,4.48,65,18.29,1347,CALIBRATING,244,,,,40,0.000000,1.000000
2026-01-19 10:24:10,190.81,0.0140,0.0150,0.0150,7.9950,13639,0,3.99,17,7.53,520,CALIBRATING,245,,,,40,0.000000,1.000000
2026-01-19 10:24:12,194.31,0.0127,0.0150,0.0150,8.0940,15264,0,8.71,54,6.53,484,CALIBRATING,246,,,,40,0.000000,1.000000
2026-01-19 10:24:13,378.54,0.0189,0.0150,0.0150,11.1100,19996,3,267.50,134,6.54,303,CALIBRATING,247,,,,40,0.000000,1.000000
2026-01-19 10:24:14,212.46,0.0142,0.0150,0.0150,8.4620,14960,1,4.35,45,8.47,477,CALIBRATING,248,,,,40,0.000000,1.000000
2026-01-19 10:24:15,154.86,0.0100,0.0150,0.0150,8.0880,15531,1,2.16,10,9.55,388,CALIBRATING,249,,,,40,0.000000,1.000000
2026-01-19 10:24:16,178.02,0.0124,0.0150,0.0150,8.5580,14304,0,1.79,19,8.04,404,CALIBRATING,250,,,,40,0.000000,1.000000
2026-01-19 10:24:17,273.36,0.0109,0.0150,0.0150,8.5880,25088,3,5.58,79,23.21,1488,CALIBRATING,251,,,,40,0.000000,1.000000
2026-01-19 10:24:18,235.03,0.0107,0.0150,0.0150,7.8220,21919,1,1.59,14,9.59,670,CALIBRATING,252,,,,40,0.000000,1.000000
2026-01-19 10:24:19,235.19,0.0090,0.0150,0.0150,6.8980,26129,0,4.38,63,19.59,1247,CALIBRATING,253,,,,40,0.000000,1.000000
2026-01-19 10:24:21,183.22,0.0125,0.0150,0.0150,7.3690,14670,0,0.23,9,8.87,621,CALIBRATING,254,,,,40,0.000000,1.000000
2026-01-19 10:24:22,167.73,0.0112,0.0150,0.0150,7.9240,15022,1,3.19,22,7.42,448,CALIBRATING,255,,,,40,0.000000,1.000000
2026-01-19 10:24:23,427.66,0.0207,0.0150,0.0150,19.9960,20699,3,269.19,165,5.78,408,CALIBRATING,256,,,,40,0.000000,1.000000
2026-01-19 10:24:24,191.68,0.0123,0.0150,0.0150,9.7510,15645,0,393.25,84,9.65,614,CALIBRATING,257,,,,40,0.000000,1.000000
2026-01-19 10:24:25,167.27,0.0110,0.0150,0.0150,7.1030,15178,0,12.04,59,7.89,765,CALIBRATING,258,,,,40,0.000000,1.000000
2026-01-19 10:24:26,248.39,0.0108,0.0150,0.0150,16.7180,22968,1,5.16,77,14.57,1327,CALIBRATING,259,,,,40,0.000000,1.000000
2026-01-19 10:24:27,210.34,0.0109,0.0150,0.0150,6.9750,19333,0,3.26,26,6.07,459,CALIBRATING,260,,,,40,0.000000,1.000000
2026-01-19 10:24:28,166.01,0.0110,0.0150,0.0150,7.0620,15130,1,5.14,25,4.55,229,CALIBRATING,261,,,,40,0.000000,1.000000
2026-01-19 10:24:29,192.33,0.0096,0.0150,0.0150,6.5410,19974,1,1.68,30,6.82,599,CALIBRATING,262,,,,40,0.000000,1.000000
2026-01-19 10:24:31,205.75,0.0137,0.0150,0.0150,7.2800,15052,0,0.67,7,8.24,451,CALIBRATING,263,,,,40,0.000000,1.000000
2026-01-19 10:24:32,159.29,0.0098,0.0150,0.0150,7.1550,16252,1,4.84,29,9.24,740,CALIBRATING,264,,,,40,0.000000,1.000000
2026-01-19 10:24:33,284.27,0.0123,0.0150,0.0150,10.3430,23182,1,250.13,140,8.96,791,CALIBRATING,265,,,,40,0.000000,1.000000
2026-01-19 10:24:34,249.30,0.0102,0.0150,0.0150,6.9080,24390,1,8.19,95,19.52,1839,CALIBRATING,266,,,,40,0.000000,1.000000
2026-01-19 10:24:35,169.60,0.0104,0.0150,0.0150,7.7120,16284,1,9.39,62,10.29,918,CALIBRATING,267,,,,40,0.000000,1.000000
2026-01-19 10:24:36,155.53,0.0113,0.0150,0.0150,5.7930,13753,1,2.43,20,7.09,374,CALIBRATING,268,,,,40,0.000000,1.000000
2026-01-19 10:24:37,181.34,0.0104,0.0150,0.0150,6.1050,17505,0,4.85,34,5.73,421,CALIBRATING,269,,,,40,0.000000,1.000000
2026-01-19 10:24:38,157.35,0.0112,0.0150,0.0150,6.0710,14097,0,5.22,28,6.21,449,CALIBRATING,270,,,,40,0.000000,1.000000
2026-01-19 10:24:39,182.48,0.0100,0.0150,0.0150,6.0690,18326,0,2.83,18,5.16,343,CALIBRATING,271,,,,40,0.000000,1.000000
2026-01-19 10:24:41,172.90,0.0097,0.0150,0.0150,6.0590,17874,1,66.56,61,7.80,702,CALIBRATING,272,,,,40,0.000000,1.000000
2026-01-19 10:24:42,199.84,0.0085,0.0150,0.0150,6.0180,23606,1,5.38,81,12.05,1227,CALIBRATING,273,,,,40,0.000000,1.000000
2026-01-19 10:24:43,313.48,0.0152,0.0150,0.0150,10.8950,20676,1,272.13,89,5.57,440,CALIBRATING,274,,,,40,0.000000,1.000000
2026-01-19 10:24:44,176.90,0.0114,0.0150,0.0150,5.9980,15478,0,12.71,75,5.83,385,CALIBRATING,275,,,,40,0.000000,1.000000
2026-01-19 10:24:45,157.72,0.0099,0.0150,0.0150,5.7930,16005,0,10.54,63,7.55,577,CALIBRATING,276,,,,40,0.000000,1.000000
2026-01-19 10:24:46,161.92,0.0110,0.0150,0.0150,6.5920,14712,0,1.66,18,4.68,288,CALIBRATING,277,,,,40,0.000000,1.000000
2026-01-19 10:24:47,176.51,0.0098,0.0150,0.0150,7.5850,18099,1,6.43,38,12.42,1031,CALIBRATING,278,,,,40,0.000000,1.000000
2026-01-19 10:24:48,199.45,0.0101,0.0150,0.0150,6.6730,19714,1,4.60,27,6.26,338,CALIBRATING,279,,,,40,0.000000,1.000000
2026-01-19 10:24:49,176.82,0.0093,0.0150,0.0150,6.3030,18928,3,6.92,85,8.42,353,CALIBRATING,280,,,,40,0.000000,1.000000
2026-01-19 10:24:51,227.92,0.0113,0.0150,0.0150,6.9100,20230,1,1.61,61,15.41,1409,CALIBRATING,281,,,,40,0.000000,1.000000
2026-01-19 10:24:52,178.21,0.0117,0.0150,0.0150,6.3250,15251,0,4.01,30,6.57,455,CALIBRATING,282,,,,40,0.000000,1.000000
2026-01-19 10:24:53,407.82,0.0194,0.0150,0.0150,12.7860,21040,1,155.33,88,4.61,229,CALIBRATING,283,,,,40,0.000000,1.000000
2026-01-19 10:24:54,161.37,0.0107,0.0150,0.0150,6.8660,15060,0,8.05,38,6.40,464,CALIBRATING,284,,,,40,0.000000,1.000000
2026-01-19 10:24:55,141.97,0.0088,0.0150,0.0150,6.4980,16048,1,4.80,32,7.49,682,CALIBRATING,285,,,,40,0.000000,1.000000
2026-01-19 10:24:56,147.49,0.0098,0.0150,0.0150,6.5180,15100,1,6.52,49,5.38,348,CALIBRATING,286,,,,40,0.000000,1.000000
2026-01-19 10:24:57,141.70,0.0083,0.0150,0.0150,6.1700,16989,0,0.19,2,3.77,157,CALIBRATING,287,,,,40,0.000000,1.000000
2026-01-19 10:24:58,399.25,0.0158,0.0150,0.0150,14.7750,25223,0,5.68,81,14.21,1429,CALIBRATING,288,,,,40,0.000000,1.000000
2026-01-19 10:25:00,670.97,0.0298,0.0150,0.0150,15.6160,22504,2,3.72,35,6.36,371,CALIBRATING,289,,,,40,0.000000,1.000000
2026-01-19 10:25:01,537.16,0.0349,0.0150,0.0150,13.8770,15404,0,0.15,3,6.86,451,CALIBRATING,290,,,,40,0.000000,1.000000
2026-01-19 10:25:02,565.25,0.0339,0.0150,0.0150,16.2680,16661,0,3.13,24,7.99,425,CALIBRATING,291,,,,40,0.000000,1.000000
2026-01-19 10:25:03,624.50,0.0243,0.0150,0.0150,20.0750,25752,1,148.13,111,9.88,603,CALIBRATING,292,,,,40,0.000000,1.000000
2026-01-19 10:25:04,173.85,0.0101,0.0150,0.0150,5.7930,17140,2,8.22,76,8.26,423,CALIBRATING,293,,,,40,0.000000,1.000000
2026-01-19 10:25:05,145.13,0.0098,0.0150,0.0150,6.5480,14800,0,4.17,35,7.93,699,CALIBRATING,294,,,,40,0.000000,1.000000
2026-01-19 10:25:06,191.15,0.0084,0.0150,0.0150,6.8770,22769,1,2.76,53,15.37,1642,CALIBRATING,295,,,,40,0.000000,1.000000
2026-01-19 10:25:08,205.90,0.0112,0.0150,0.0150,8.5440,18356,1,3.12,22,4.29,308,CALIBRATING,296,,,,40,0.000000,1.000000
2026-01-19 10:25:09,178.65,0.0114,0.0150,0.0150,6.2700,15629,0,240.83,67,6.58,685,CALIBRATING,297,,,,40,0.000000,1.000000
2026-01-19 10:25:10,180.30,0.0096,0.0150,0.0150,6.2930,18781,0,2.33,15,7.82,428,CALIBRATING,298,,,,40,0.000000,1.000000
2026-01-19 10:25:11,169.67,0.0108,0.0150,0.0150,6.0060,15667,1,1.34,10,6.01,338,CALIBRATING,299,,,,40,0.000000,1.000000
2026-01-19 10:25:12,162.87,0.0107,0.0150,0.0150,6.5030,15177,0,11.19,57,2.65,218,CALIBRATING,300,,,,40,0.000000,1.000000
2026-01-19 10:25:13,273.66,0.0125,0.0150,0.0150,7.5110,21861,0,285.25,103,5.97,353,CALIBRATING,300,,,,40,0.000000,1.000000
2026-01-19 10:25:14,201.78,0.0084,0.0150,0.0150,6.1290,23884,0,6.79,80,12.96,1369,CALIBRATING,300,,,,40,0.000000,1.000000
2026-01-19 10:25:15,147.16,0.0096,0.0150,0.0150,6.6060,15361,0,6.18,37,7.50,627,CALIBRATING,300,,,,40,0.000000,1.000000
2026-01-19 10:25:16,159.59,0.0110,0.0150,0.0150,6.4510,14573,1,1.58,16,5.50,421,CALIBRATING,300,,,,40,0.000000,1.000000
2026-01-19 10:25:18,155.91,0.0091,0.0150,0.0150,6.2060,17098,1,1.07,11,9.85,1057,CALIBRATING,300,,,,40,0.000000,1.000000
2026-01-19 10:25:19,233.62,0.0082,0.0150,0.0150,5.9930,28654,1,10.09,87,16.68,1924,CALIBRATING,300,,,,40,0.000000,1.000000
2026-01-19 10:25:20,169.25,0.0095,0.0150,0.0150,6.0410,17902,1,3.79,22,7.53,689,CALIBRATING,300,,,,40,0.000000,1.000000
2026-01-19 10:25:21,168.20,0.0106,0.0150,0.0150,6.7070,15806,0,2.50,11,5.66,512,CALIBRATING,300,,,,40,0.000000,1.000000
2026-01-19 10:25:22,182.30,0.0083,0.0150,0.0150,5.7780,22089,2,14.51,116,13.56,1458,CALIBRATING,300,,,,40,0.000000,1.000000
2026-01-19 10:25:23,236.84,0.0106,0.0150,0.0150,7.5980,22370,1,525.04,155,5.64,501,CALIBRATING,300,,,,40,0.000000,1.000000
2026-01-19 10:25:24,145.73,0.0104,0.0150,0.0150,6.0940,13971,0,7.10,44,5.41,442,CALIBRATING,300,,,,40,0.000000,1.000000
2026-01-19 10:25:25,151.70,0.0097,0.0150,0.0150,5.8990,15646,0,24.25,55,7.97,723,CALIBRATING,300,,,,40,0.000000,1.000000
2026-01-19 10:25:26,166.66,0.0108,0.0150,0.0150,6.1990,15377,1,1.29,14,3.90,348,CALIBRATING,300,,,,40,0.000000,1.000000
2026-01-19 10:25:28,184.83,0.0094,0.0150,0.0150,5.9580,19724,0,5.11,28,4.41,431,CALIBRATING,300,,,,40,0.000000,1.000000
2026-01-19 10:25:29,170.90,0.0105,0.0150,0.0150,5.9600,16241,1,3.00,32,5.45,433,CALIBRATING,300,,,,40,0.000000,1.000000
2026-01-19 10:25:30,204.80,0.0099,0.0150,0.0150,7.2180,20736,2,3.97,32,6.14,479,CALIBRATING,300,,,,40,0.000000,1.000000
2026-01-19 10:25:31,186.78,0.0079,0.0150,0.0150,5.9550,23617,2,2.68,50,13.38,1356,CALIBRATING,300,,,,40,0.000000,1.000000
2026-01-19 10:25:32,150.57,0.0096,0.0150,0.0150,6.3730,15726,0,1.35,15,8.40,709,CALIBRATING,300,,,,40,0.000000,1.000000
2026-01-19 10:25:33,286.82,0.0117,0.0150,0.0150,14.9460,24525,0,189.99,131,9.22,826,CALIBRATING,300,,,,40,0.000000,1.000000
2026-01-19 10:25:34,175.91,0.0113,0.0150,0.0150,6.4810,15601,1,7.03,37,6.18,565,CALIBRATING,300,,,,40,0.000000,1.000000
2026-01-19 10:25:35,164.49,0.0111,0.0150,0.0150,6.9970,14753,0,6.07,47,11.07,845,CALIBRATING,300,,,,40,0.000000,1.000000
2026-01-19 10:25:36,181.94,0.0116,0.0150,0.0150,6.7780,15707,1,2.72,30,8.14,605,CALIBRATING,300,,,,40,0.000000,1.000000
2026-01-19 10:25:38,181.32,0.0104,0.0150,0.0150,6.4900,17404,0,1.65,19,3.84,265,CALIBRATING,300,,,,40,0.000000,1.000000
2026-01-19 10:25:39,190.41,0.0084,0.0150,0.0150,5.9900,22541,1,5.67,86,15.26,1732,CALIBRATING,300,,,,40,0.000000,1.000000
2026-01-19 10:25:40,175.99,0.0089,0.0150,0.0150,5.9240,19810,0,2.44,16,5.20,403,CALIBRATING,300,,,,40,0.000000,1.000000
2026-01-19 10:25:41,153.75,0.0101,0.0150,0.0150,6.9370,15167,1,7.71,43,7.09,760,CALIBRATING,300,,,,40,0.000000,1.000000
2026-01-19 10:25:42,154.34,0.0103,0.0150,0.0150,5.0850,14985,0,3.52,21,2.61,155,CALIBRATING,300,,,,40,0.000000,1.000000
2026-01-19 10:25:43,485.82,0.0221,0.0150,0.0150,14.5540,22001,2,258.99,151,6.51,417,CALIBRATING,300,,,,40,0.000000,1.000000
2026-01-19 10:25:44,160.72,0.0105,0.0150,0.0150,6.4090,15287,0,10.19,61,4.54,305,CALIBRATING,300,,,,40,0.000000,1.000000
2026-01-19 10:25:45,150.46,0.0096,0.0150,0.0150,6.3230,15673,1,4.72,28,5.49,391,CALIBRATING,300,,,,40,0.000000,1.000000
2026-01-19 10:25:47,197.08,0.0088,0.0150,0.0150,7.6360,22276,1,4.05,82,14.04,1535,CALIBRATING,300,,,,40,0.000000,1.000000
2026-01-19 10:25:48,197.25,0.0087,0.0150,0.0150,6.4140,22755,0,3.68,16,11.37,659,CALIBRATING,300,,,,40,0.000000,1.000000
2026-01-19 10:25:49,173.77,0.0122,0.0150,0.0150,7.1590,14186,0,4.31,33,7.88,492,CALIBRATING,300,,,,40,0.000000,1.000000
2026-01-19 10:25:50,152.90,0.0090,0.0150,0.0150,7.1640,16905,0,1.16,11,7.28,222,CALIBRATING,300,,,,40,0.000000,1.000000
2026-01-19 10:25:51,134.55,0.0086,0.0150,0.0150,6.5400,15686,1,4.59,20,7.48,490,CALIBRATING,300,,,,40,0.000000,1.000000
2026-01-19 10:25:52,167.67,0.0114,0.0150,0.0150,6.5780,14672,1,2.94,22,5.59,287,CALIBRATING,300,,,,40,0.000000,1.000000
2026-01-19 10:25:53,488.03,0.0224,0.0150,0.0150,11.6950,21748,1,195.33,107,6.00,480,CALIBRATING,300,,,,40,0.000000,1.000000
2026-01-19 10:25:54,178.19,0.0094,0.0150,0.0150,6.1130,19030,2,5.12,51,9.27,937,CALIBRATING,300,,,,40,0.000000,1.000000
2026-01-19 10:25:55,163.66,0.0081,0.0150,0.0150,6.6990,20084,2,10.92,81,9.87,1064,CALIBRATING,300,,,,40,0.000000,1.000000
2026-01-19 10:25:57,163.35,0.0096,0.0150,0.0150,6.6600,17029,0,7.20,55,7.40,716,CALIBRATING,300,,,,40,0.000000,1.000000
2026-01-19 10:25:58,165.41,0.0083,0.0150,0.0150,6.6830,19860,0,3.36,25,4.44,346,CALIBRATING,300,,,,40,0.000000,1.000000
2026-01-19 10:25:59,139.12,0.0090,0.0150,0.0150,6.5750,15385,0,1.86,19,3.44,209,CALIBRATING,300,,,,40,0.000000,1.000000
2026-01-19 10:26:00,184.63,0.0083,0.0150,0.0150,6.3900,22311,3,4.31,75,8.76,827,CALIBRATING,300,,,,40,0.000000,1.000000
2026-01-19 10:26:01,184.73,0.0117,0.0150,0.0150,6.7450,15841,0,1.39,7,5.79,353,CALIBRATING,300,,,,40,0.000000,1.000000
2026-01-19 10:26:02,162.13,0.0098,0.0150,0.0150,7.7390,16471,1,4.87,32,6.79,704,CALIBRATING,300,,,,40,0.000000,1.000000
2026-01-19 10:26:03,326.96,0.0101,0.0150,0.0150,7.3490,32479,3,208.07,184,17.64,1896,CALIBRATING,300,,,,40,0.000000,1.000000
2026-01-19 10:26:04,160.16,0.0110,0.0150,0.0150,5.8760,14539,1,1.76,22,5.36,600,CALIBRATING,300,,,,40,0.000000,1.000000
2026-01-19 10:26:05,166.03,0.0111,0.0150,0.0150,6.4070,14965,1,4.62,26,8.68,649,CALIBRATING,300,,,,40,0.000000,1.000000
2026-01-19 10:26:07,154.73,0.0098,0.0150,0.0150,6.0640,15786,1,5.74,49,10.49,871,CALIBRATING,300,,,,40,0.000000,1.000000
2026-01-19 10:26:08,257.68,0.0149,0.0150,0.0150,10.8720,17242,0,8.06,46,4.10,227,CALIBRATING,300,,,,40,0.000000,1.000000
2026-01-19 10:26:09,164.29,0.0100,0.0150,0.0150,6.5650,16447,1,105.75,38,5.49,419,CALIBRATING,300,,,,40,0.000000,1.000000
2026-01-19 10:26:10,172.03,0.0080,0.0150,0.0150,6.5080,21397,1,5.73,39,6.95,526,CALIBRATING,300,,,,40,0.000000,1.000000
2026-01-19 10:26:11,202.81,0.0089,0.0150,0.0150,6.1220,22804,1,3.94,51,15.38,1579,CALIBRATING,300,,,,40,0.000000,1.000000
2026-01-19 10:26:12,142.03,0.0092,0.0150,0.0150,6.1810,15417,0,7.21,47,3.33,238,CALIBRATING,300,,,,40,0.000000,1.000000
2026-01-19 10:26:13,443.04,0.0198,0.0150,0.0150,11.4120,22352,0,147.40,130,6.80,479,CALIBRATING,300,,,,40,0.000000,1.000000
2026-01-19 10:26:14,147.39,0.0104,0.0150,0.0150,6.5600,14194,0,4.01,28,4.76,312,CALIBRATING,300,,,,40,0.000000,1.000000
2026-01-19 10:26:15,168.38,0.0112,0.0150,0.0150,8.4530,15038,1,4.43,21,5.59,339,CALIBRATING,300,,,,40,0.000000,1.000000
2026-01-19 10:26:17,176.29,0.0116,0.0150,0.0150,6.9280,15241,1,5.81,41,7.10,554,CALIBRATING,300,,,,40,0.000000,1.000000
2026-01-19 10:26:18,186.57,0.0085,0.0150,0.0150,5.9030,21917,0,1.63,18,9.34,878,CALIBRATING,300,,,,40,0.000000,1.000000
2026-01-19 10:26:19,208.03,0.0070,0.0150,0.0150,6.7800,29740,0,2.11,113,22.71,2515,CALIBRATING,300,,,,40,0.000000,1.000000
2026-01-19 10:26:20,169.45,0.0096,0.0150,0.0150,5.7550,17736,0,3.57,38,7.93,697,CALIBRATING,300,,,,40,0.000000,1.000000
2026-01-19 10:26:21,135.08,0.0092,0.0150,0.0150,7.2290,14647,0,0.01,1,4.65,545,CALIBRATING,300,,,,40,0.000000,1.000000
2026-01-19 10:26:22,127.31,0.0084,0.0150,0.0150,6.9430,15211,0,13.42,80,7.06,694,CALIBRATING,300,,,,40,0.000000,1.000000
2026-01-19 10:26:23,307.38,0.0133,0.0150,0.0150,13.6580,23135,2,635.90,134,4.90,330,CALIBRATING,300,,,,40,0.000000,1.000000
2026-01-19 10:26:24,130.85,0.0090,0.0150,0.0150,6.9320,14565,0,5.52,38,4.58,379,CALIBRATING,300,,,,40,0.000000,1.000000
2026-01-19 10:26:26,132.13,0.0085,0.0150,0.0150,7.0930,15625,0,5.49,35,5.88,450,CALIBRATING,300,,,,40,0.000000,1.000000
2026-01-19 10:26:27,171.17,0.0097,0.0150,0.0150,6.9290,17716,0,9.88,100,4.96,407,CALIBRATING,300,,,,40,0.000000,1.000000
2026-01-19 10:26:28,216.95,0.0080,0.0150,0.0150,6.6760,27013,2,8.26,88,15.07,1452,CALIBRATING,300,,,,40,0.000000,1.000000
2026-01-19 10:26:29,143.14,0.0094,0.0150,0.0150,7.4770,15210,0,1.95,13,3.47,216,CALIBRATING,300,,,,40,0.000000,1.000000
2026-01-19 10:26:30,185.43,0.0086,0.0150,0.0150,7.2590,21439,0,3.40,39,6.70,608,CALIBRATING,300,,,,40,0.000000,1.000000
2026-01-19 10:26:31,142.13,0.0097,0.0150,0.0150,6.6390,14684,1,0.07,5,6.92,436,CALIBRATING,300,,,,40,0.000000,1.000000
2026-01-19 10:26:32,207.79,0.0115,0.0150,0.0150,9.1490,18054,3,20.54,75,6.79,706,CALIBRATING,300,,,,40,0.000000,1.000000
2026-01-19 10:26:33,434.91,0.0195,0.0150,0.0150,7.4130,22336,1,216.66,71,8.99,888,CALIBRATING,300,,,,40,0.000000,1.000000
2026-01-19 10:26:34,152.89,0.0100,0.0150,0.0150,6.8380,15307,1,2.92,21,5.59,543,CALIBRATING,300,,,,40,0.000000,1.000000
2026-01-19 10:26:36,195.36,0.0086,0.0150,0.0150,4.8450,22659,0,8.24,103,16.56,1568,CALIBRATING,300,,,,40,0.000000,1.000000
2026-01-19 10:26:37,160.74,0.0107,0.0150,0.0150,6.2020,15071,0,3.74,26,6.86,628,CALIBRATING,300,,,,40,0.000000,1.000000
2026-01-19 10:26:38,193.14,0.0105,0.0150,0.0150,7.3980,18423,1,6.07,33,8.43,708,CALIBRATING,300,,,,40,0.000000,1.000000
2026-01-19 10:26:39,143.28,0.0100,0.0150,0.0150,6.1450,14344,0,3.45,24,5.24,459,CALIBRATING,300,,,,40,0.000000,1.000000
2026-01-19 10:26:40,172.50,0.0086,0.0150,0.0150,6.9140,20023,0,4.68,33,8.04,620,CALIBRATING,300,,,,40,0.000000,1.000000
2026-01-19 10:26:41,141.00,0.0096,0.0150,0.0150,6.1140,14700,1,8.12,41,6.69,549,CALIBRATING,300,,,,40,0.000000,1.000000
2026-01-19 10:26:42,373.24,0.0183,0.0150,0.0150,6.9340,20432,2,209.77,86,3.87,243,CALIBRATING,300,,,,40,0.000000,1.000000
2026-01-19 10:26:43,213.91,0.0087,0.0150,0.0150,6.3810,24464,2,8.44,88,14.00,1452,CALIBRATING,300,,,,40,0.000000,1.000000
2026-01-19 10:26:45,148.56,0.0099,0.0150,0.0150,6.0480,14995,1,2.58,28,4.78,346,CALIBRATING,300,,,,40,0.000000,1.000000
2026-01-19 10:26:46,167.60,0.0112,0.0150,0.0150,6.1310,15027,0,2.67,18,6.15,375,CALIBRATING,300,,,,40,0.000000,1.000000
2026-01-19 10:26:47,171.99,0.0111,0.0150,0.0150,7.0390,15532,0,4.32,24,8.66,455,CALIBRATING,300,,,,40,0.000000,1.000000
2026-01-19 10:26:48,204.03,0.0089,0.0150,0.0150,6.3850,23047,1,6.83,48,12.99,983,CALIBRATING,300,,,,40,0.000000,1.000000
2026-01-19 10:26:49,154.39,0.0112,0.0150,0.0150,7.2060,13832,0,2.10,15,7.09,720,CALIBRATING,300,,,,40,0.000000,1.000000
2026-01-19 10:26:50,182.01,0.0100,0.0150,0.0150,6.9050,18225,3,3.78,25,11.38,952,CALIBRATING,300,,,,40,0.000000,1.000000
2026-01-19 10:26:51,256.33,0.0111,0.0150,0.0150,6.9520,23102,1,2.99,71,17.48,1716,CALIBRATING,300,,,,40,0.000000,1.000000
2026-01-19 10:26:52,322.85,0.0150,0.0150,0.0150,17.4670,21485,2,260.19,109,8.23,644,CALIBRATING,300,,,,40,0.000000,1.000000
2026-01-19 10:26:53,198.21,0.0127,0.0150,0.0150,7.3060,15571,2,2.43,20,5.90,249,CALIBRATING,300,,,,40,0.000000,1.000000
2026-01-19 10:26:55,154.16,0.0097,0.0150,0.0150,6.0090,15877,1,4.76,28,5.61,296,CALIBRATING,300,,,,40,0.000000,1.000000
2026-01-19 10:26:56,151.88,0.0101,0.0150,0.0150,5.7870,15034,1,7.34,42,5.29,414,CALIBRATING,300,,,,40,0.000000,1.000000
2026-01-19 10:26:57,159.97,0.0107,0.0150,0.0150,6.2800,14922,0,2.44,24,5.63,450,CALIBRATING,300,,,,40,0.000000,1.000000
2026-01-19 10:26:58,186.17,0.0094,0.0150,0.0150,7.1860,19710,3,5.63,37,5.77,388,CALIBRATING,300,,,,40,0.000000,1.000000
2026-01-19 10:26:59,155.33,0.0107,0.0150,0.0150,6.1700,14475,0,2.05,13,3.74,193,CALIBRATING,300,,,,40,0.000000,1.000000
2026-01-19 10:27:00,229.47,0.0080,0.0150,0.0150,7.7270,28663,5,3.85,72,14.12,1377,CALIBRATING,300,,,,40,0.000000,1.000000
2026-01-19 10:27:01,176.63,0.0113,0.0150,0.0150,6.8330,15589,0,1.14,15,7.87,574,CALIBRATING,300,,,,40,0.000000,1.000000
2026-01-19 10:27:02,259.17,0.0119,0.0150,0.0150,16.3970,21802,5,210.56,115,6.14,387,CALIBRATING,300,,,,40,0.000000,1.000000
2026-01-19 10:27:03,190.81,0.0107,0.0150,0.0150,6.3180,17794,1,3.06,19,10.64,900,CALIBRATING,300,,,,40,0.000000,1.000000
2026-01-19 10:27:05,150.62,0.0095,0.0150,0.0150,5.8720,15840,0,2.45,26,6.28,482,CALIBRATING,300,,,,40,0.000000,1.000000
2026-01-19 10:27:06,132.00,0.0090,0.0150,0.0150,5.8810,14650,1,0.61,7,9.12,457,CALIBRATING,300,,,,40,0.000000,1.000000
2026-01-19 10:27:07,158.67,0.0105,0.0150,0.0150,6.6900,15106,0,5.67,32,6.50,658,CALIBRATING,300,,,,40,0.000000,1.000000
2026-01-19 10:27:08,214.18,0.0083,0.0150,0.0150,7.2850,25689,4,13.13,110,15.55,1585,CALIBRATING,300,,,,40,0.000000,1.000000
2026-01-19 10:27:09,238.62,0.0150,0.0150,0.0150,9.3590,15918,1,4.70,20,5.92,548,CALIBRATING,300,,,,40,0.000000,1.000000
2026-01-19 10:27:10,185.96,0.0097,0.0150,0.0150,6.6130,19113,0,1.33,15,4.48,315,CALIBRATING,300,,,,40,0.000000,1.000000
2026-01-19 10:27:11,169.24,0.0100,0.0150,0.0150,6.5500,16878,1,3.17,30,8.05,946,CALIBRATING,300,,,,40,0.000000,1.000000
2026-01-19 10:27:12,301.78,0.0126,0.0150,0.0150,6.9100,24013,2,303.37,144,5.14,431,CALIBRATING,300,,,,40,0.000000,1.000000
2026-01-19 10:27:13,168.46,0.0114,0.0150,0.0150,6.8560,14736,1,4.28,29,4.73,394,CALIBRATING,300,,,,40,0.000000,1.000000
2026-01-19 10:27:15,157.54,0.0098,0.0150,0.0150,6.0670,16021,1,5.01,34,4.72,307,CALIBRATING,300,,,,40,0.000000,1.000000
2026-01-19 10:27:16,201.68,0.0086,0.0150,0.0150,6.2110,23412,1,3.97,64,16.80,1505,CALIBRATING,300,,,,40,0.000000,1.000000
2026-01-19 10:27:17,147.33,0.0100,0.0150,0.0150,6.2130,14664,2,2.78,21,5.12,351,CALIBRATING,300,,,,40,0.000000,1.000000
2026-01-19 10:27:18,217.35,0.0093,0.0150,0.0150,6.3300,23273,4,10.32,34,8.82,760,CALIBRATING,300,,,,40,0.000000,1.000000
2026-01-19 10:27:19,248.20,0.0112,0.0150,0.0150,7.8840,22235,1,3.97,71,17.11,1941,CALIBRATING,300,,,,40,0.000000,1.000000
2026-01-19 10:27:20,140.21,0.0095,0.0150,0.0150,6.1470,14792,1,3.25,24,6.90,348,CALIBRATING,300,,,,40,0.000000,1.000000
2026-01-19 10:27:21,169.78,0.0093,0.0150,0.0150,5.9940,18247,1,3.88,28,9.30,756,CALIBRATING,300,,,,40,0.000000,1.000000
2026-01-19 10:27:22,357.37,0.0172,0.0150,0.0150,16.3760,20791,0,185.38,163,6.78,473,CALIBRATING,300,,,,40,0.000000,1.000000
2026-01-19 10:27:24,350.58,0.0151,0.0150,0.0150,13.0170,23154,1,417.85,86,12.21,1234,CALIBRATING,300,,,,40,0.000000,1.000000
2026-01-19 10:27:25,154.97,0.0090,0.0150,0.0150,5.9880,17228,0,8.42,59,6.97,417,CALIBRATING,300,,,,40,0.000000,1.000000
2026-01-19 10:27:26,147.22,0.0092,0.0150,0.0150,6.0910,15986,0,7.32,42,5.70,299,CALIBRATING,300,,,,40,0.000000,1.000000
2026-01-19 10:27:27,169.48,0.0110,0.0150,0.0150,6.8040,15360,0,3.21,25,5.71,467,CALIBRATING,300,,,,40,0.000000,1.000000
2026-01-19 10:27:28,197.63,0.0108,0.0150,0.0150,8.2500,18337,2,9.37,30,4.22,411,CALIBRATING,300,,,,40,0.000000,1.000000
2026-01-19 10:27:29,156.75,0.0095,0.0150,0.0150,6.2670,16548,0,4.70,32,5.61,461,CALIBRATING,300,,,,40,0.000000,1.000000
2026-01-19 10:27:30,138.34,0.0089,0.0150,0.0150,5.9950,15517,0,2.39,26,5.53,426,CALIBRATING,300,,,,40,0.000000,1.000000
2026-01-19 10:27:31,174.94,0.0083,0.0150,0.0150,6.1280,21052,1,3.36,21,8.86,646,CALIBRATING,300,,,,40,0.000000,1.000000
2026-01-19 10:27:32,296.70,0.0101,0.0150,0.0150,6.9360,29341,6,137.23,141,14.84,1476,CALIBRATING,300,,,,40,0.000000,1.000000
2026-01-19 10:27:34,215.06,0.0114,0.0150,0.0150,6.5820,18838,2,1.57,17,10.65,1125,CALIBRATING,300,,,,40,0.000000,1.000000
2026-01-19 10:27:35,166.31,0.0104,0.0150,0.0150,6.0780,16048,0,5.75,48,8.63,714,CALIBRATING,300,,,,40,0.000000,1.000000
2026-01-19 10:27:36,148.64,0.0107,0.0150,0.0150,6.0150,13889,1,6.06,47,8.63,361,CALIBRATING,300,,,,40,0.000000,1.000000
2026-01-19 10:27:37,162.41,0.0112,0.0150,0.0150,3.8460,14531,1,2.45,11,7.83,539,CALIBRATING,300,,,,40,0.000000,1.000000
2026-01-19 10:27:38,212.88,0.0114,0.0150,0.0150,7.9130,18742,2,6.69,34,8.42,516,CALIBRATING,300,,,,40,0.000000,1.000000
2026-01-19 10:27:39,200.80,0.0123,0.0150,0.0150,6.6070,16342,0,15.17,33,6.29,610,CALIBRATING,300,,,,40,0.000000,1.000000
2026-01-19 10:27:40,242.59,0.0105,0.0150,0.0150,6.5450,23072,1,3.35,59,14.63,1200,CALIBRATING,300,,,,40,0.000000,1.000000
2026-01-19 10:27:41,267.85,0.0129,0.0150,0.0150,14.9660,20766,2,13.06,55,9.41,702,CALIBRATING,300,,,,40,0.000000,1.000000
2026-01-19 10:27:42,302.47,0.0137,0.0150,0.0150,6.6170,22029,2,190.43,116,5.49,390,CALIBRATING,300,,,,40,0.000000,1.000000
2026-01-19 10:27:44,178.37,0.0118,0.0150,0.0150,6.2340,15092,1,6.42,45,5.78,435,CALIBRATING,300,,,,40,0.000000,1.000000
2026-01-19 10:27:45,158.88,0.0097,0.0150,0.0150,7.0540,16449,1,4.27,35,4.84,316,CALIBRATING,300,,,,40,0.000000,1.000000
2026-01-19 10:27:46,152.22,0.0100,0.0150,0.0150,7.0310,15192,0,3.81,22,5.54,448,CALIBRATING,300,,,,40,0.000000,1.000000
2026-01-19 10:27:47,165.21,0.0108,0.0150,0.0150,6.5570,15259,0,1.66,10,6.28,339,CALIBRATING,300,,,,40,0.000000,1.000000
2026-01-19 10:27:48,226.74,0.0077,0.0150,0.0150,6.1920,29577,2,5.90,62,16.21,1568,CALIBRATING,300,,,,40,0.000000,1.000000
2026-01-19 10:27:49,153.11,0.0096,0.0150,0.0150,6.0340,15902,0,6.13,43,8.79,890,CALIBRATING,300,,,,40,0.000000,1.000000
2026-01-19 10:27:50,150.38,0.0101,0.0150,0.0150,6.8230,14900,0,2.41,18,8.23,484,CALIBRATING,300,,,,40,0.000000,1.000000
2026-01-19 10:27:51,159.01,0.0095,0.0150,0.0150,6.2710,16652,0,0.26,2,6.51,494,CALIBRATING,300,,,,40,0.000000,1.000000
2026-01-19 10:27:53,277.80,0.0137,0.0150,0.0150,7.6580,20333,2,198.98,116,9.03,602,CALIBRATING,300,,,,40,0.000000,1.000000
2026-01-19 10:27:54,152.89,0.0101,0.0150,0.0150,6.1890,15208,1,3.89,28,4.10,279,CALIBRATING,300,,,,40,0.000000,1.000000
2026-01-19 10:27:55,160.01,0.0101,0.0150,0.0150,6.5820,15920,0,6.76,42,6.11,382,CALIBRATING,300,,,,40,0.000000,1.000000
2026-01-19 10:27:56,190.08,0.0088,0.0150,0.0150,6.4260,21715,0,8.15,84,13.90,1115,CALIBRATING,300,,,,40,0.000000,1.000000
2026-01-19 10:27:57,162.04,0.0094,0.0150,0.0150,4.6280,17273,1,3.60,22,8.39,393,CALIBRATING,300,,,,40,0.000000,1.000000
2026-01-19 10:27:58,185.97,0.0097,0.0150,0.0150,7.0760,19194,0,2.90,24,4.47,228,CALIBRATING,300,,,,40,0.000000,1.000000
2026-01-19 10:27:59,424.12,0.0151,0.0150,0.0150,8.4870,28056,5,5.94,33,7.95,428,CALIBRATING,300,,,,40,0.000000,1.000000
2026-01-19 10:28:00,552.14,0.0192,0.0150,0.0150,12.1910,28706,1,56.54,40,6.40,455,CALIBRATING,300,,,,40,0.000000,1.000000
2026-01-19 10:28:02,353.29,0.0141,0.0150,0.0150,9.1870,25074,0,0.37,6,6.82,428,CALIBRATING,300,,,,40,0.000000,1.000000
2026-01-19 10:28:03,670.31,0.0185,0.0150,0.0150,11.2240,36240,1,175.25,204,8.41,718,CALIBRATING,300,,,,40,0.000000,1.000000
2026-01-19 10:28:04,192.77,0.0101,0.0150,0.0150,6.8890,19082,2,2.02,22,10.90,1230,CALIBRATING,300,,,,40,0.000000,1.000000
2026-01-19 10:28:05,201.89,0.0095,0.0150,0.0150,3.3380,21143,0,5.83,68,14.30,1553,CALIBRATING,300,,,,40,0.000000,1.000000
2026-01-19 10:28:06,151.04,0.0105,0.0150,0.0150,6.5540,14437,1,2.85,17,7.82,221,CALIBRATING,300,,,,40,0.000000,1.000000
2026-01-19 10:28:07,307.50,0.0155,0.0150,0.0150,10.0970,19803,2,1.94,8,7.06,599,CALIBRATING,300,,,,40,0.000000,1.000000
2026-01-19 10:28:08,628.51,0.0353,0.0150,0.0150,40.8880,17814,0,12.13,56,6.40,341,CALIBRATING,300,,,,40,0.000000,1.000000
2026-01-19 10:28:10,239.65,0.0141,0.0150,0.0150,8.8740,16942,0,11.50,62,7.38,580,CALIBRATING,300,,,,40,0.000000,1.000000
2026-01-19 10:28:11,376.19,0.0171,0.0150,0.0150,16.0000,22013,0,2.61,20,6.19,477,CALIBRATING,300,,,,40,0.000000,1.000000
2026-01-19 10:28:12,334.79,0.0207,0.0150,0.0150,53.6550,16164,0,9.77,49,6.00,706,CALIBRATING,300,,,,40,0.000000,1.000000
2026-01-19 10:28:13,1640.54,0.0555,0.0150,0.0150,20.9360,29571,1,535.66,142,14.43,1399,CALIBRATING,300,,,,40,0.000000,1.000000
2026-01-19 10:28:14,327.40,0.0189,0.0150,0.0150,37.8150,17321,0,5.99,46,6.78,545,CALIBRATING,300,,,,40,0.000000,1.000000
2026-01-19 10:28:15,159.98,0.0107,0.0150,0.0150,7.5500,15001,1,5.54,31,4.35,362,CALIBRATING,300,,,,40,0.000000,1.000000
2026-01-19 10:28:16,431.20,0.0280,0.0150,0.0150,11.4010,15408,0,1.48,12,6.84,467,CALIBRATING,300,,,,40,0.000000,1.000000
2026-01-19 10:28:17,661.07,0.0311,0.0150,0.0150,15.8570,21275,4,36.46,33,4.94,269,CALIBRATING,300,,,,40,0.000000,1.000000
2026-01-19 10:28:19,481.13,0.0138,0.0150,0.0150,8.5420,34922,1,3.90,71,18.78,1775,CALIBRATING,300,,,,40,0.000000,1.000000
2026-01-19 10:28:20,500.68,0.0224,0.0150,0.0150,10.8140,22304,0,7.55,52,10.46,1046,CALIBRATING,300,,,,40,0.000000,1.000000
2026-01-19 10:28:21,418.11,0.0149,0.0150,0.0150,11.4450,28132,2,5.99,70,16.34,1412,CALIBRATING,300,,,,40,0.000000,1.000000
2026-01-19 10:28:22,303.17,0.0170,0.0150,0.0150,11.0020,17837,1,12.40,69,7.08,669,CALIBRATING,300,,,,40,0.000000,1.000000
2026-01-19 10:28:23,1115.67,0.0376,0.0150,0.0150,13.5790,29699,0,178.55,237,10.07,730,CALIBRATING,300,,,,40,0.000000,1.000000
2026-01-19 10:28:24,202.54,0.0120,0.0150,0.0150,8.6330,16809,0,434.52,85,4.93,337,CALIBRATING,300,,,,40,0.000000,1.000000
2026-01-19 10:28:25,434.75,0.0246,0.0150,0.0150,15.6820,17688,2,4.79,39,6.43,408,CALIBRATING,300,,,,40,0.000000,1.000000
2026-01-19 10:28:27,705.33,0.0330,0.0150,0.0150,13.1200,21365,1,10.42,50,6.73,375,CALIBRATING,300,,,,40,0.000000,1.000000
2026-01-19 10:28:28,283.88,0.0143,0.0150,0.0150,9.0390,19869,3,2.59,18,6.19,421,CALIBRATING,300,,,,40,0.000000,1.000000
2026-01-19 10:28:29,265.81,0.0100,0.0150,0.0150,9.6860,26674,1,5.47,66,12.98,1302,CALIBRATING,300,,,,40,0.000000,1.000000
2026-01-19 10:28:30,302.51,0.0164,0.0150,0.0150,10.4520,18465,1,4.51,41,6.66,490,CALIBRATING,300,,,,40,0.000000,1.000000
2026-01-19 10:28:31,2822.08,0.0103,0.0140,0.0150,21.5660,274031,8,7.57,44,6.18,401,CALIBRATING,300,,,,40,0.000000,1.000000
2026-01-19 10:28:32,1157.13,0.0194,0.0150,0.0150,12.9960,59619,0,39.19,82,7.59,472,CALIBRATING,300,,,,40,0.000000,1.000000
2026-01-19 10:28:33,354.96,0.0159,0.0150,0.0150,8.5240,22297,0,277.14,82,10.57,638,CALIBRATING,300,,,,40,0.000000,1.000000
2026-01-19 10:28:34,214.45,0.0136,0.0150,0.0150,8.8890,15809,0,4.13,30,7.45,689,CALIBRATING,300,,,,40,0.000000,1.000000
2026-01-19 10:28:36,176.95,0.0113,0.0150,0.0150,3.5470,15683,0,7.38,50,10.10,885,CALIBRATING,300,,,,40,0.000000,1.000000
2026-01-19 10:28:37,294.31,0.0133,0.0150,0.0150,14.6480,22191,3,4.20,68,17.24,1628,CALIBRATING,300,,,,40,0.000000,1.000000
2026-01-19 10:28:38,184.31,0.0114,0.0150,0.0150,13.2450,16221,0,0.84,10,6.91,645,CALIBRATING,300,,,,40,0.000000,1.000000
2026-01-19 10:28:39,214.55,0.0140,0.0150,0.0150,6.0920,15359,0,12.44,60,3.42,264,CALIBRATING,300,,,,40,0.000000,1.000000
2026-01-19 10:28:40,369.09,0.0203,0.0150,0.0150,9.1750,18210,0,4.83,27,9.15,592,CALIBRATING,300,,,,40,0.000000,1.000000
2026-01-19 10:28:41,427.52,0.0191,0.0150,0.0150,9.1150,22365,0,15.83,78,7.81,585,CALIBRATING,300,,,,40,0.000000,1.000000
2026-01-19 10:28:42,291.83,0.0132,0.0150,0.0150,10.1250,22075,1,132.33,115,6.77,524,CALIBRATING,300,,,,40,0.000000,1.000000
2026-01-19 10:28:43,165.62,0.0102,0.0150,0.0150,3.5610,16306,1,11.46,75,6.16,439,CALIBRATING,300,,,,40,0.000000,1.000000
2026-01-19 10:28:45,603.37,0.0226,0.0150,0.0150,19.4350,26748,3,4.44,76,14.53,1380,CALIBRATING,300,,,,40,0.000000,1.000000
2026-01-19 10:28:46,360.80,0.0184,0.0150,0.0150,10.2120,19637,1,9.02,48,6.06,489,CALIBRATING,300,,,,40,0.000000,1.000000
2026-01-19 10:28:47,170.19,0.0109,0.0150,0.0150,3.7160,15606,0,3.23,23,8.64,434,CALIBRATING,300,,,,40,0.000000,1.000000
2026-01-19 10:28:48,169.86,0.0080,0.0150,0.0150,2.5640,21297,2,2.16,13,5.22,273,CALIBRATING,300,,,,40,0.000000,1.000000
2026-01-19 10:28:49,216.40,0.0123,0.0150,0.0150,7.0850,17647,0,6.28,30,9.30,557,CALIBRATING,300,,,,40,0.000000,1.000000
2026-01-19 10:28:50,289.36,0.0153,0.0150,0.0150,8.9690,18889,1,7.30,32,7.27,341,CALIBRATING,300,,,,40,0.000000,1.000000
2026-01-19 10:28:51,438.48,0.0192,0.0150,0.0150,9.9890,22860,2,3.85,45,10.54,388,CALIBRATING,300,,,,40,0.000000,1.000000
2026-01-19 10:28:52,480.23,0.0178,0.0150,0.0150,10.0750,26997,7,243.09,108,7.68,397,CALIBRATING,300,,,,40,0.000000,1.000000
2026-01-19 10:28:54,431.79,0.0159,0.0150,0.0150,10.6480,27079,0,11.63,100,16.65,1569,CALIBRATING,300,,,,40,0.000000,1.000000
2026-01-19 10:28:55,157.99,0.0102,0.0150,0.0150,6.0390,15502,2,3.09,20,6.13,347,CALIBRATING,300,,,,40,0.000000,1.000000
2026-01-19 10:28:56,246.11,0.0146,0.0150,0.0150,5.3550,16815,1,11.22,53,3.96,211,CALIBRATING,300,,,,40,0.000000,1.000000
2026-01-19 10:28:57,132.29,0.0094,0.0150,0.0150,1.8250,14139,0,3.71,25,6.60,341,CALIBRATING,300,,,,40,0.000000,1.000000
2026-01-19 10:28:58,181.22,0.0098,0.0150,0.0150,5.1350,18495,1,5.83,30,5.30,254,CALIBRATING,300,,,,40,0.000000,1.000000
2026-01-19 10:28:59,187.97,0.0119,0.0150,0.0150,3.5280,15858,0,3.49,26,4.19,230,CALIBRATING,300,,,,40,0.000000,1.000000
2026-01-19 10:29:00,349.94,0.0162,0.0150,0.0150,11.3450,21627,0,3.19,55,5.40,408,CALIBRATING,300,,,,40,0.000000,1.000000
2026-01-19 10:29:01,394.08,0.0121,0.0150,0.0150,11.2080,32618,4,3.29,67,17.11,1664,CALIBRATING,300,,,,40,0.000000,1.000000
2026-01-19 10:29:03,954.01,0.0361,0.0150,0.0150,28.6840,26417,1,385.94,69,7.10,382,CALIBRATING,300,,,,40,0.000000,1.000000
2026-01-19 10:29:04,197.59,0.0114,0.0150,0.0150,8.8070,17272,2,5.65,39,12.04,843,CALIBRATING,300,,,,40,0.000000,1.000000
2026-01-19 10:29:05,130.13,0.0097,0.0150,0.0150,7.5490,13424,0,2.62,19,7.04,570,CALIBRATING,300,,,,40,0.000000,1.000000
2026-01-19 10:29:06,169.73,0.0120,0.0150,0.0150,8.2080,14193,0,4.12,26,7.77,598,CALIBRATING,300,,,,40,0.000000,1.000000
2026-01-19 10:29:07,179.32,0.0119,0.0150,0.0150,7.5450,15076,0,1.85,14,6.12,387,CALIBRATING,300,,,,40,0.000000,1.000000
2026-01-19 10:29:08,183.55,0.0110,0.0150,0.0150,8.8490,16716,1,11.97,58,7.82,451,CALIBRATING,300,,,,40,0.000000,1.000000
2026-01-19 10:29:09,226.38,0.0107,0.0150,0.0150,9.5320,21149,0,3.31,60,12.14,1192,CALIBRATING,300,,,,40,0.000000,1.000000
2026-01-19 10:29:11,189.61,0.0127,0.0150,0.0150,7.7780,14908,1,2.25,21,5.81,263,CALIBRATING,300,,,,40,0.000000,1.000000
2026-01-19 10:29:12,188.94,0.0090,0.0150,0.0150,9.3570,20971,0,11.12,67,8.14,567,CALIBRATING,300,,,,40,0.000000,1.000000
2026-01-19 10:29:13,243.16,0.0116,0.0150,0.0150,15.7110,20966,0,193.77,89,6.04,446,CALIBRATING,300,,,,40,0.000000,1.000000
2026-01-19 10:29:14,173.17,0.0114,0.0150,0.0150,7.3390,15246,0,3.83,45,6.32,463,CALIBRATING,300,,,,40,0.000000,1.000000
2026-01-19 10:29:15,146.53,0.0103,0.0150,0.0150,7.3100,14167,0,4.76,28,4.23,269,CALIBRATING,300,,,,40,0.000000,1.000000
2026-01-19 10:29:16,150.63,0.0102,0.0150,0.0150,7.7780,14754,1,3.97,27,6.12,330,CALIBRATING,300,,,,40,0.000000,1.000000
2026-01-19 10:29:17,221.87,0.0089,0.0150,0.0150,9.0820,25038,1,1.77,39,14.25,1317,CALIBRATING,300,,,,40,0.000000,1.000000
2026-01-19 10:29:18,161.34,0.0084,0.0150,0.0150,7.7120,19278,2,2.77,25,7.51,512,CALIBRATING,300,,,,40,0.000000,1.000000
2026-01-19 10:29:19,233.46,0.0110,0.0150,0.0150,10.9510,21288,1,1.36,49,15.25,1406,CALIBRATING,300,,,,40,0.000000,1.000000
2026-01-19 10:29:21,156.90,0.0108,0.0150,0.0150,8.4790,14583,0,0.94,16,6.50,423,CALIBRATING,300,,,,40,0.000000,1.000000
2026-01-19 10:29:22,158.98,0.0087,0.0150,0.0150,8.4400,18274,2,1.65,25,9.81,819,CALIBRATING,300,,,,40,0.000000,1.000000
2026-01-19 10:29:23,265.32,0.0125,0.0150,0.0150,7.9800,21178,3,224.36,154,7.33,353,CALIBRATING,300,,,,40,0.000000,1.000000
2026-01-19 10:29:24,212.12,0.0131,0.0150,0.0150,8.1150,16137,0,383.05,83,7.68,522,CALIBRATING,300,,,,40,0.000000,1.000000
2026-01-19 10:29:25,191.03,0.0084,0.0150,0.0150,8.0190,22672,0,11.87,101,13.24,1251,CALIBRATING,300,,,,40,0.000000,1.000000
2026-01-19 10:29:26,146.83,0.0094,0.0150,0.0150,7.6400,15691,0,7.57,31,5.55,439,CALIBRATING,300,,,,40,0.000000,1.000000
2026-01-19 10:29:27,166.86,0.0088,0.0150,0.0150,8.0810,18980,3,2.80,16,6.41,634,CALIBRATING,300,,,,40,0.000000,1.000000
2026-01-19 10:29:28,161.26,0.0105,0.0150,0.0150,7.2950,15317,2,4.71,31,3.86,257,CALIBRATING,300,,,,40,0.000000,1.000000
2026-01-19 10:29:30,178.04,0.0120,0.0150,0.0150,5.0060,14793,1,2.08,24,5.52,356,CALIBRATING,300,,,,40,0.000000,1.000000
2026-01-19 10:29:31,159.85,0.0106,0.0150,0.0150,7.5560,15024,0,1.18,18,5.02,422,CALIBRATING,300,,,,40,0.000000,1.000000
2026-01-19 10:29:32,210.61,0.0098,0.0150,0.0150,8.6450,21504,0,2.76,18,7.70,520,CALIBRATING,300,,,,40,0.000000,1.000000
2026-01-19 10:29:33,251.80,0.0100,0.0150,0.0150,7.2570,25230,2,203.16,150,5.54,337,CALIBRATING,300,,,,40,0.000000,1.000000
2026-01-19 10:29:34,251.32,0.0106,0.0150,0.0150,8.8470,23750,2,6.05,88,20.00,1525,CALIBRATING,300,,,,40,0.000000,1.000000
2026-01-19 10:29:35,138.62,0.0104,0.0150,0.0150,7.8760,13323,0,8.35,49,7.40,433,CALIBRATING,300,,,,40,0.000000,1.000000
2026-01-19 10:29:36,150.92,0.0108,0.0150,0.0150,9.8090,14004,0,3.29,21,7.97,406,CALIBRATING,300,,,,40,0.000000,1.000000
2026-01-19 10:29:37,170.78,0.0101,0.0150,0.0150,8.9410,16856,3,6.59,83,6.20,435,FROZEN,300,,,,40,0.000000,1.000000
2026-01-19 10:29:39,243.87,0.0119,0.0150,0.0150,5.1750,20423,0,7.18,44,6.05,493,FROZEN,300,0.335830,,0.000000,40,0.000000,1.000000
2026-01-19 10:29:40,142.87,0.0099,0.0150,0.0150,8.4980,14360,0,11.23,20,4.09,423,FROZEN,300,0.348648,0.012818,0.012818,40,0.001282,1.000000
2026-01-19 10:29:41,179.64,0.0100,0.0150,0.0150,8.2580,18015,3,2902.11,64,5.89,434,FROZEN,300,49.158849,48.810201,24.411510,5,4.882174,1.000000
2026-01-19 10:29:42,302.17,0.0104,0.0150,0.0150,10.4890,28947,0,4.93,68,15.55,1689,FROZEN,300,0.523991,-48.634858,32.485959,5,9.257442,1.000000
2026-01-19 10:29:43,550.06,0.0256,0.0150,0.0150,33.4170,21448,1,301.99,148,8.23,658,FROZEN,300,1.848377,1.324386,24.695566,5,8.464137,1.000000
2026-01-19 10:29:44,163.89,0.0106,0.0150,0.0150,8.0930,15440,0,29.10,68,6.23,529,FROZEN,300,0.180178,-1.668199,25.109411,5,7.784543,1.000000
2026-01-19 10:29:45,169.74,0.0114,0.0150,0.0150,8.1330,14875,0,1.57,17,3.92,267,FROZEN,300,0.397108,0.216930,12.961093,5,7.027782,1.000000
2026-01-19 10:29:47,207.16,0.0137,0.0150,0.0150,8.4010,15172,0,3.21,27,7.23,353,FROZEN,300,0.583617,0.186509,0.849006,5,6.343654,1.000000
2026-01-19 10:29:48,241.53,0.0104,0.0150,0.0150,8.4320,23178,2,3.30,19,7.68,489,FROZEN,300,0.338620,-0.244997,0.579159,5,5.733789,1.000000
2026-01-19 10:29:49,175.63,0.0123,0.0150,0.0150,8.2770,14266,1,2.97,24,8.33,851,FROZEN,300,0.454798,0.116178,0.191153,5,5.172027,1.000000
2026-01-19 10:29:50,194.65,0.0085,0.0150,0.0150,7.9430,22985,3,6.87,77,17.40,1667,FROZEN,300,0.499793,0.044995,0.148170,5,4.659324,1.000000
2026-01-19 10:29:51,169.19,0.0089,0.0150,0.0150,7.9960,19032,0,3.80,19,7.32,764,FROZEN,300,0.440232,-0.059561,0.116433,5,4.199348,1.000000
2026-01-19 10:29:52,283.50,0.0133,0.0150,0.0150,9.2670,21291,5,86.43,101,10.25,1076,FROZEN,300,0.528124,0.087891,0.077156,5,3.788202,1.000000
2026-01-19 10:29:53,199.41,0.0133,0.0150,0.0150,9.4840,15038,1,3.23,21,8.24,708,FROZEN,300,0.375120,-0.153004,0.086363,5,3.424682,1.000000
2026-01-19 10:29:55,173.33,0.0104,0.0150,0.0150,8.3950,16598,2,7.37,65,6.81,494,FROZEN,300,0.378343,0.003223,0.075920,5,3.082536,1.000000
2026-01-19 10:29:56,166.92,0.0109,0.0150,0.0150,8.7710,15245,2,6.86,41,6.40,414,FROZEN,300,0.332301,-0.046042,0.072540,5,2.778887,1.000000
2026-01-19 10:29:57,167.50,0.0114,0.0150,0.0150,7.9540,14734,0,4.41,20,5.77,269,FROZEN,300,0.562369,0.230068,0.108084,5,2.524005,1.000000
2026-01-19 10:29:58,253.30,0.0098,0.0150,0.0150,8.6690,25889,3,6.91,81,14.00,1521,FROZEN,300,0.520838,-0.041531,0.080216,5,2.275758,1.000000
2026-01-19 10:29:59,165.62,0.0106,0.0150,0.0150,4.1750,15651,1,3.21,18,4.38,217,FROZEN,300,0.520568,-0.000270,0.079478,5,2.048209,1.000000
2026-01-19 10:30:00,174.99,0.0106,0.0150,0.0150,7.2850,16585,1,1.73,29,5.44,346,FROZEN,300,0.450058,-0.070511,0.085595,5,1.850439,2.614004
2026-01-19 10:30:01,180.92,0.0086,0.0150,0.0150,8.1680,21132,1,26.39,10,5.17,471,FROZEN,300,2.440428,1.990370,0.525670,5,1.864432,2.614004
2026-01-19 10:30:03,269.69,0.0108,0.0150,0.0150,7.6260,24971,4,201.79,184,9.10,759,FROZEN,300,0.733023,-1.707405,0.942139,5,1.848729,2.614004
2026-01-19 10:30:04,153.34,0.0105,0.0150,0.0150,7.5580,14553,1,6.49,65,7.90,305,FROZEN,300,0.888847,0.155824,0.981027,5,1.679439,2.614004
2026-01-19 10:30:05,180.46,0.0116,0.0150,0.0150,7.5770,15499,0,7.20,48,11.45,653,FROZEN,300,0.409240,-0.479607,1.083301,5,1.559456,2.614004
2026-01-19 10:30:06,183.31,0.0090,0.0150,0.0150,7.7700,20357,1,3.69,57,13.33,1392,FROZEN,300,0.536365,0.127125,0.617490,5,1.416223,2.614004
2026-01-19 10:30:07,146.65,0.0097,0.0150,0.0150,7.9970,15066,0,4.76,22,9.45,353,FROZEN,300,0.902909,0.366544,0.282275,5,1.311255,2.614004
2026-01-19 10:30:08,152.84,0.0091,0.0150,0.0150,5.1840,16762,2,6.48,41,8.47,627,FROZEN,300,0.363543,-0.539366,0.378161,5,1.234066,2.614004
2026-01-19 10:30:09,186.13,0.0125,0.0150,0.0150,8.6670,14872,2,4.53,26,3.45,206,FROZEN,300,0.361756,-0.001787,0.258706,5,1.110838,2.614004
2026-01-19 10:30:11,161.35,0.0098,0.0150,0.0150,8.0400,16487,0,2.52,20,7.22,453,FROZEN,300,0.400163,0.038407,0.236526,5,1.003595,2.614004
2026-01-19 10:30:12,187.84,0.0091,0.0150,0.0150,8.6710,20622,1,42.09,47,5.40,283,FROZEN,300,0.643989,0.243826,0.205847,5,0.927618,2.614004
2026-01-19 10:30:13,358.30,0.0162,0.0150,0.0150,12.9550,22103,2,319.26,109,9.52,824,FROZEN,300,2.695870,2.051881,0.583975,5,1.040044,2.614004
2026-01-19 10:30:14,231.29,0.0099,0.0150,0.0150,8.2210,23254,2,4.99,83,12.50,1304,FROZEN,300,0.525108,-2.170762,1.126219,5,1.153116,2.614004
2026-01-19 10:30:15,146.58,0.0093,0.0150,0.0150,7.9430,15745,0,5.22,46,7.08,659,FROZEN,300,0.450593,-0.074515,1.135246,5,1.045256,2.614004
2026-01-19 10:30:16,146.28,0.0107,0.0150,0.0150,8.5180,13710,1,2.19,18,5.27,230,FROZEN,300,0.703174,0.252581,1.137435,5,0.965989,2.614004
2026-01-19 10:30:17,157.66,0.0090,0.0150,0.0150,8.1860,17574,1,3.92,21,5.77,389,FROZEN,300,0.347707,-0.355467,0.713331,5,0.904936,2.614004
2026-01-19 10:30:19,234.80,0.0083,0.0150,0.0150,7.2310,28269,2,3.62,64,15.38,1534,FROZEN,300,0.543032,0.195325,0.219472,5,0.833975,2.614004
2026-01-19 10:30:20,153.82,0.0104,0.0150,0.0150,7.9340,14789,0,4.53,22,10.53,606,FROZEN,300,0.366313,-0.176718,0.245023,5,0.768250,2.614004
2026-01-19 10:30:21,164.85,0.0108,0.0150,0.0150,8.1230,15288,0,3.04,21,10.38,691,FROZEN,300,0.349542,-0.016771,0.186071,5,0.693102,2.614004
2026-01-19 10:30:22,344.65,0.0131,0.0150,0.0150,13.9170,26353,4,13.34,109,16.86,1212,FROZEN,300,0.373433,0.023891,0.103177,5,0.626181,2.614004
2026-01-19 10:30:23,263.95,0.0120,0.0150,0.0150,11.2180,22060,0,637.19,121,10.04,840,FROZEN,300,5.271830,4.898397,1.278944,5,1.053402,2.614004
2026-01-19 10:30:24,176.17,0.0108,0.0150,0.0150,8.1780,16258,1,480.01,79,6.54,355,FROZEN,300,6.170902,0.899072,1.459533,5,1.037969,2.614004
2026-01-19 10:30:25,152.43,0.0097,0.0150,0.0150,7.1050,15645,1,8.38,55,5.61,601,FROZEN,300,0.464582,-5.706320,2.881920,5,1.504804,2.614004
2026-01-19 10:30:26,159.72,0.0097,0.0150,0.0150,8.6440,16459,1,4.50,25,6.20,423,FROZEN,300,0.329702,-0.134880,2.909667,5,1.367812,2.614004
2026-01-19 10:30:28,171.57,0.0085,0.0150,0.0150,7.9170,20122,0,5.20,32,7.74,609,FROZEN,300,0.385986,0.056284,1.699139,5,1.236659,2.614004
2026-01-19 10:30:29,156.51,0.0102,0.0150,0.0150,7.5270,15414,1,1.64,19,4.70,249,FROZEN,300,0.527141,0.141155,1.509660,5,1.127109,2.614004
2026-01-19 10:30:30,197.32,0.0089,0.0150,0.0150,7.8630,22077,0,3.67,81,12.96,1210,FROZEN,300,0.518434,-0.008707,0.085257,5,1.015269,2.614004
2026-01-19 10:30:31,154.72,0.0098,0.0150,0.0150,8.6130,15864,0,2.05,15,5.62,404,FROZEN,300,0.366632,-0.151802,0.089487,5,0.928922,2.614004
2026-01-19 10:30:32,162.73,0.0076,0.0150,0.0150,7.9110,21428,0,1.47,21,5.62,402,FROZEN,300,0.488950,0.122317,0.105995,5,0.848262,2.614004
2026-01-19 10:30:33,365.99,0.0140,0.0150,0.0150,8.6530,26220,1,121.58,132,8.90,665,FROZEN,300,0.510792,0.021842,0.076167,5,0.765620,2.614004
2026-01-19 10:30:34,146.08,0.0103,0.0150,0.0150,7.5240,14139,0,1.95,18,9.05,1009,FROZEN,300,0.505498,-0.005294,0.075314,5,0.689587,2.614004
2026-01-19 10:30:36,165.89,0.0117,0.0150,0.0150,9.1380,14158,1,5.79,45,8.84,857,FROZEN,300,0.428017,-0.077481,0.056733,5,0.628376,2.614004
2026-01-19 10:30:37,136.62,0.0093,0.0150,0.0150,8.2060,14719,0,3.30,31,7.35,726,FROZEN,300,0.477590,0.049573,0.038547,5,0.570496,2.614004
2026-01-19 10:30:38,153.40,0.0096,0.0150,0.0150,7.8710,16053,0,2.57,17,5.68,526,FROZEN,300,0.412002,-0.065589,0.049484,5,0.520005,2.614004
2026-01-19 10:30:39,224.84,0.0099,0.0150,0.0150,8.3380,22610,1,8.06,87,15.91,1378,FROZEN,300,0.435854,0.023853,0.054124,5,0.470390,2.614004
2026-01-19 10:30:40,159.94,0.0106,0.0150,0.0150,7.5190,15031,1,2.02,25,5.55,377,FROZEN,300,0.413833,-0.022022,0.047703,6,0.425553,2.614004
2026-01-19 10:30:41,151.85,0.0090,0.0150,0.0150,7.8080,16788,0,10.11,48,5.07,234,FROZEN,300,0.607368,0.193535,0.070914,6,0.402351,2.614004
2026-01-19 10:30:42,338.75,0.0149,0.0150,0.0150,12.8260,22772,2,164.77,102,7.02,421,FROZEN,300,1.273029,0.665661,0.194132,6,0.428682,2.614004
2026-01-19 10:30:44,262.81,0.0161,0.0150,0.0150,9.6080,16291,1,10.46,66,8.90,647,FROZEN,300,0.432289,-0.840740,0.430490,5,0.469888,2.614004
2026-01-19 10:30:45,269.89,0.0170,0.0150,0.0150,11.0420,15900,0,5.04,31,4.96,279,FROZEN,300,0.530318,0.098029,0.363997,6,0.432702,2.614004
2026-01-19 10:30:46,203.42,0.0139,0.0150,0.0150,8.7950,14633,1,4.96,33,4.86,363,FROZEN,300,0.362971,-0.167347,0.393062,6,0.406167,2.614004
2026-01-19 10:30:47,306.55,0.0139,0.0150,0.0150,9.5400,22058,1,6.14,79,14.31,1429,FROZEN,300,0.509344,0.146373,0.383630,6,0.380187,2.614004
2026-01-19 10:30:48,253.82,0.0114,0.0150,0.0150,8.9410,22328,1,4.66,29,7.12,353,FROZEN,300,0.524258,0.014914,0.322177,7,0.343660,2.614004
2026-01-19 10:30:49,196.38,0.0143,0.0150,0.0150,9.1810,13739,0,3.54,13,7.28,492,FROZEN,300,0.257428,-0.266829,0.255705,7,0.335977,2.614004
2026-01-19 10:30:50,213.55,0.0149,0.0150,0.0150,8.6630,14323,0,3.03,23,9.56,714,FROZEN,300,0.412114,0.154685,0.241274,8,0.317848,2.614004
2026-01-19 10:30:52,220.49,0.0130,0.0150,0.0150,9.6670,16979,0,0.16,5,6.79,388,FROZEN,300,0.526193,0.114080,0.137465,8,0.297471,2.614004
2026-01-19 10:30:53,731.44,0.0377,0.0150,0.0150,18.8450,19420,1,101.42,95,8.36,592,FROZEN,300,1.699702,1.173509,0.344803,6,0.385075,2.614004
2026-01-19 10:30:54,217.36,0.0130,0.0150,0.0150,8.7450,16683,0,8.56,48,10.38,739,FROZEN,300,0.312099,-1.387603,0.707469,5,0.485328,2.614004
2026-01-19 10:30:55,394.01,0.0177,0.0150,0.0150,10.3850,22298,3,4.94,58,11.44,1144,FROZEN,300,0.623766,0.311666,0.746715,5,0.467961,2.614004
2026-01-19 10:30:56,223.75,0.0142,0.0150,0.0150,8.9280,15729,0,9.27,61,7.32,590,FROZEN,300,0.382153,-0.241613,0.778598,5,0.445327,2.614004
2026-01-19 10:30:57,254.17,0.0160,0.0150,0.0150,9.6480,15867,0,1.51,15,5.50,293,FROZEN,300,0.577732,0.195578,0.661994,6,0.420352,2.614004
2026-01-19 10:30:58,211.40,0.0119,0.0150,0.0150,8.8490,17736,0,4.68,28,6.20,384,FROZEN,300,0.345857,-0.231874,0.473667,6,0.401504,2.614004
2026-01-19 10:31:00,260.06,0.0167,0.0150,0.0150,9.2900,15537,0,1.42,19,4.94,301,FROZEN,300,0.558415,0.212558,0.238658,6,0.382609,2.614004
2026-01-19 10:31:01,204.76,0.0124,0.0150,0.0150,8.8770,16466,0,5.51,33,5.20,325,FROZEN,300,0.345103,-0.213312,0.234434,7,0.365680,2.614004
2026-01-19 10:31:02,228.65,0.0113,0.0150,0.0150,10.1410,20269,1,2.50,12,4.52,354,FROZEN,300,0.279927,-0.065177,0.193352,7,0.335629,2.614004
2026-01-19 10:31:03,780.03,0.0271,0.0150,0.0150,21.0080,28827,4,264.94,154,15.97,1461,FROZEN,300,1.602058,1.322132,0.409011,6,0.434280,2.614004
2026-01-19 10:31:04,225.48,0.0116,0.0150,0.0150,9.6300,19473,2,7.10,59,10.23,757,FROZEN,300,0.364257,-1.237801,0.709605,5,0.514632,2.614004
2026-01-19 10:31:05,144.98,0.0103,0.0150,0.0150,9.1600,14139,0,4.83,21,7.00,391,FROZEN,300,0.374883,0.010625,0.658934,5,0.464231,2.614004
2026-01-19 10:31:06,143.80,0.0093,0.0150,0.0150,8.0510,15458,2,3.62,26,6.72,552,FROZEN,300,0.391756,0.016873,0.530522,6,0.419495,2.614004
2026-01-19 10:31:08,200.96,0.0102,0.0150,0.0150,8.5840,19677,1,77.76,29,8.01,387,FROZEN,300,2.495410,2.103654,0.842239,5,0.587911,2.614004
2026-01-19 10:31:09,167.21,0.0115,0.0150,0.0150,11.9990,14565,1,10.75,57,7.68,887,FROZEN,300,0.454345,-2.041065,1.043055,5,0.733227,2.614004
2026-01-19 10:31:10,149.63,0.0093,0.0150,0.0150,8.5430,16147,1,5.76,76,3.96,291,FROZEN,300,0.437080,-0.017265,1.044714,5,0.661630,2.614004
2026-01-19 10:31:11,270.31,0.0120,0.0150,0.0150,11.4140,22444,1,1.88,43,14.99,1593,FROZEN,300,0.539121,0.102041,1.066006,5,0.605671,2.614004
2026-01-19 10:31:12,210.22,0.0108,0.0150,0.0150,8.2050,19530,2,10.18,47,4.22,408,FROZEN,300,0.357917,-0.181204,0.585394,5,0.563225,2.614004
2026-01-19 10:31:13,448.73,0.0214,0.0150,0.0150,13.2230,21008,1,402.26,123,7.54,828,FROZEN,300,3.087623,2.729706,0.757554,5,0.779873,2.614004
2026-01-19 10:31:14,162.45,0.0101,0.0150,0.0150,8.5260,16057,0,5.23,40,5.10,461,FROZEN,300,0.411497,-2.676126,1.422269,5,0.969498,2.614004
2026-01-19 10:31:15,170.16,0.0122,0.0150,0.0150,12.3680,13909,0,0.87,9,3.99,361,FROZEN,300,0.435697,0.024200,1.402809,5,0.874968,2.614004
2026-01-19 10:31:17,167.32,0.0108,0.0150,0.0150,10.0260,15527,0,4.90,43,7.38,601,FROZEN,300,0.389344,-0.046353,1.369096,5,0.792107,2.614004
2026-01-19 10:31:18,170.22,0.0076,0.0150,0.0150,8.8580,22486,1,2.75,8,5.43,350,FROZEN,300,0.332453,-0.056891,0.700892,5,0.718585,2.614004
2026-01-19 10:31:19,221.94,0.0070,0.0150,0.0150,9.2540,31532,3,6.80,131,21.98,2565,FROZEN,300,0.630546,0.298093,0.106384,5,0.676536,2.614004
2026-01-19 10:31:20,31243.03,1.5358,0.0150,0.0150,295.8200,20343,1,3.81,62,66.42,5956,FROZEN,300,98.743161,98.112614,24.628488,5,10.420144,2.614004
2026-01-19 10:31:21,72653.75,2.1762,0.0150,0.0150,395.0320,33386,5,8.48,275,113.43,9915,FROZEN,300,140.226959,41.483799,34.987849,5,13.526509,2.614004
2026-01-19 10:31:22,104203.84,2.8808,0.0150,0.0150,407.9990,36172,4,224.58,260,69.57,6381,FROZEN,300,185.760309,45.533349,46.356964,5,16.727193,2.614004
2026-01-19 10:31:24,109971.30,3.2442,0.0150,0.0150,384.0130,33898,6,173.67,181,78.23,6987,FROZEN,300,209.287088,23.526779,52.164135,5,17.407152,2.614004
2026-01-19 10:31:25,106269.19,2.9239,0.0150,0.0150,364.0490,36345,5,283.38,217,97.81,9506,FROZEN,300,188.497405,-20.789683,32.833403,5,17.745405,2.614004
2026-01-19 10:31:26,106955.43,2.9682,0.0150,0.0150,484.3130,36034,3,18.94,156,79.91,6990,FROZEN,300,191.517901,3.020496,23.217577,5,16.272914,2.614004
2026-01-19 10:31:27,86575.24,2.1348,0.0150,0.0150,496.0180,40555,1,16.37,149,67.67,6325,FROZEN,300,137.534407,-53.983494,25.330113,5,20.043972,2.614004
2026-01-19 10:31:28,110664.38,2.5053,0.0150,0.0150,598.0770,44172,2,3.60,169,109.50,9190,FROZEN,300,161.547689,24.013282,25.451739,5,20.440903,2.614004
2026-01-19 10:31:29,106418.73,2.9544,0.0150,0.0150,395.7560,36021,3,7.91,99,73.23,5644,FROZEN,300,190.626496,29.078807,27.524020,5,21.304693,2.614004
2026-01-19 10:31:31,101193.84,2.4459,0.0150,0.0150,396.0070,41372,5,4.11,157,97.47,7631,FROZEN,300,157.701521,-32.924974,35.000139,5,22.466722,2.614004
2026-01-19 10:31:32,106778.23,2.3876,0.0150,0.0150,307.4920,44722,4,2.82,162,110.49,8401,FROZEN,300,153.922716,-3.778805,22.448967,5,20.597930,2.614004
2026-01-19 10:31:33,108820.09,2.5691,0.0150,0.0150,392.0230,42358,6,268.22,262,93.82,7424,FROZEN,300,165.545867,11.623151,19.351434,5,19.700452,2.614004
2026-01-19 10:31:34,115050.09,3.4316,0.0150,0.0150,322.6800,33527,6,6.30,114,81.29,6436,FROZEN,300,221.542023,55.996155,26.080771,5,23.330022,2.614004
2026-01-19 10:31:35,101074.71,2.3823,0.0150,0.0150,301.6690,42427,8,13.70,171,98.74,7994,FROZEN,300,153.572961,-67.969062,34.841793,5,27.793926,2.614004
2026-01-19 10:31:36,102946.09,5.4576,0.0150,0.0150,385.3160,18863,2,3.92,23,31.28,3197,FROZEN,300,352.765621,199.192660,83.695257,5,44.933800,2.614004
2026-01-19 10:31:38,100571.81,5.8431,0.0150,0.0150,592.0130,17212,0,5.50,27,16.48,1430,FROZEN,300,377.734709,24.969087,87.031741,5,42.937328,2.614004
2026-01-19 10:31:39,105332.08,6.1710,0.0150,0.0150,397.4390,17069,1,7.03,36,12.78,923,FROZEN,300,398.970066,21.235357,78.341542,5,40.767131,2.614004
2026-01-19 10:31:40,101443.23,5.9258,0.0150,0.0150,328.3710,17119,4,0.08,3,14.72,881,FROZEN,300,383.107934,-15.862132,65.314809,5,38.276631,2.614004
2026-01-19 10:31:41,5323.22,0.3447,0.0150,0.0150,187.1120,15441,0,10.09,57,10.33,585,FROZEN,300,21.572893,-361.535041,105.900404,5,70.602472,2.614004
2026-01-19 10:31:42,312.33,0.0145,0.0150,0.0150,11.5330,21516,3,12.99,37,6.99,454,FROZEN,300,0.216420,-21.356473,104.997251,5,65.677872,2.614004
2026-01-19 10:31:43,441.80,0.0158,0.0150,0.0150,12.5080,27997,1,199.52,80,18.41,1465,FROZEN,300,2.219331,2.002911,100.189139,5,59.310376,2.614004
2026-01-19 10:31:45,267.68,0.0164,0.0150,0.0150,9.5160,16291,0,8.86,55,4.01,218,FROZEN,300,0.532368,-1.686963,96.645347,5,53.548035,2.614004
2026-01-19 10:31:46,265.86,0.0176,0.0150,0.0150,13.6260,15078,0,12.61,46,7.84,651,FROZEN,300,0.438618,-0.093750,6.285024,5,48.202606,2.614004
2026-01-19 10:31:47,556.20,0.0295,0.0150,0.0150,18.9570,18871,6,3.29,13,6.26,369,FROZEN,300,1.176277,0.737659,1.130321,5,43.456112,2.614004
2026-01-19 10:31:48,404.25,0.0147,0.0150,0.0150,10.6920,27527,5,5.89,34,7.79,594,FROZEN,300,0.365615,-0.810662,0.832258,5,39.191567,2.614004
2026-01-19 10:31:49,340.89,0.0134,0.0150,0.0150,12.3060,25479,1,16.60,54,7.61,383,FROZEN,300,0.434684,0.069069,0.427785,5,35.279317,2.614004
2026-01-19 10:31:50,364.46,0.0208,0.0150,0.0150,9.6250,17483,1,1.73,14,11.79,362,FROZEN,300,1.416880,0.982196,0.649897,5,31.849605,2.614004
2026-01-19 10:31:51,279.42,0.0074,0.0150,0.0150,6.6600,37759,4,3.81,65,17.14,1440,FROZEN,300,0.521696,-0.895185,0.689278,5,28.754163,2.614004
2026-01-19 10:31:53,857.31,0.0300,0.0150,0.0150,16.0840,28538,1,246.86,112,11.58,345,FROZEN,300,2.469486,1.947790,0.973560,5,26.073526,2.614004
2026-01-19 10:31:54,275.02,0.0173,0.0150,0.0150,12.0470,15887,1,4.35,29,9.56,407,FROZEN,300,0.802297,-1.667189,1.373090,5,23.632892,2.614004
2026-01-19 10:31:55,147.79,0.0093,0.0150,0.0150,2.2340,15925,2,6.90,39,8.39,390,FROZEN,300,0.610237,-0.192060,1.175556,5,21.288809,2.614004
2026-01-19 10:31:56,183.91,0.0094,0.0150,0.0150,5.4980,19624,0,8.99,50,5.34,340,FROZEN,300,0.356041,-0.254196,1.015309,5,19.185347,2.614004
2026-01-19 10:31:57,236.74,0.0138,0.0150,0.0150,8.9350,17204,0,4.61,17,5.64,427,FROZEN,300,0.237762,-0.118280,0.557931,5,17.278641,2.614004
2026-01-19 10:31:58,155.35,0.0089,0.0150,0.0150,3.3450,17493,0,2.41,34,8.18,649,FROZEN,300,0.458531,0.220769,0.196326,5,15.572854,2.614004
2026-01-19 10:31:59,199.24,0.0088,0.0150,0.0150,3.5130,22762,2,5.12,70,12.99,1327,FROZEN,300,0.527132,0.068601,0.165461,5,14.022428,2.614004
2026-01-19 10:32:00,159.96,0.0094,0.0150,0.0150,2.9860,17104,0,5.17,48,5.46,382,FROZEN,300,0.404590,-0.122542,0.132548,5,12.632440,2.614004
2026-01-19 10:32:02,200.68,0.0110,0.0150,0.0150,6.0920,18314,1,3.40,15,5.77,326,FROZEN,300,0.356783,-0.047807,0.114930,5,11.373976,2.614004
2026-01-19 10:32:03,421.50,0.0122,0.0150,0.0150,10.5870,34644,2,252.80,116,5.57,359,FROZEN,300,1.891094,1.534311,0.443315,5,10.390010,2.614004
2026-01-19 10:32:04,278.21,0.0142,0.0150,0.0150,8.0480,19543,0,1.20,20,5.10,333,FROZEN,300,0.473573,-1.417522,0.780545,5,9.492761,2.614004
2026-01-19 10:32:05,342.28,0.0151,0.0150,0.0150,13.9800,22653,4,7.55,47,11.75,1033,FROZEN,300,0.425102,-0.048471,0.762028,5,8.548332,2.614004
2026-01-19 10:32:06,270.54,0.0160,0.0150,0.0150,10.9070,16876,2,2.45,22,13.02,470,FROZEN,300,1.027647,0.602545,0.900712,5,7.753753,2.614004
2026-01-19 10:32:07,231.79,0.0091,0.0150,0.0150,1.9300,25355,1,4.18,55,21.00,1571,FROZEN,300,0.440658,-0.586989,0.663882,5,7.037077,2.614004
2026-01-19 10:32:08,173.44,0.0097,0.0150,0.0150,2.6620,17827,0,10.79,75,10.40,533,FROZEN,300,0.518507,0.077849,0.328963,5,6.341154,2.614004
2026-01-19 10:32:10,190.75,0.0123,0.0150,0.0150,6.0520,15447,2,3.26,16,9.62,434,FROZEN,300,0.612081,0.093574,0.340239,5,5.716396,2.614004
2026-01-19 10:32:11,197.55,0.0119,0.0150,0.0150,6.0030,16537,2,4.99,39,8.85,410,FROZEN,300,0.620799,0.008718,0.191782,5,5.145628,2.614004
2026-01-19 10:32:12,216.24,0.0114,0.0150,0.0150,9.2010,19052,3,8.78,47,6.92,315,FROZEN,300,0.609765,-0.011034,0.047794,5,4.632169,2.614004
2026-01-19 10:32:13,824.62,0.0291,0.0150,0.0150,16.7290,28328,3,262.03,95,9.82,534,FROZEN,300,2.638086,2.028321,0.535412,5,4.371784,2.614004
2026-01-19 10:32:14,247.10,0.0120,0.0150,0.0150,6.7110,20614,1,3.84,23,6.93,456,FROZEN,300,0.324624,-2.313462,1.090384,5,4.165952,2.614004
2026-01-19 10:32:15,282.34,0.0127,0.0150,0.0150,6.5330,22298,2,5.05,28,8.38,446,FROZEN,300,0.443813,0.119188,1.118001,5,3.761276,2.614004
2026-01-19 10:32:16,678.10,0.0271,0.0150,0.0150,17.8140,25006,3,71.00,81,14.65,1392,FROZEN,300,1.043344,0.599531,1.265126,5,3.445101,2.614004
2026-01-19 10:32:17,159.26,0.0094,0.0150,0.0150,3.4500,16914,1,2.17,14,6.18,411,FROZEN,300,0.365430,-0.677914,0.927524,5,3.168382,2.614004
2026-01-19 10:32:19,202.22,0.0071,0.0150,0.0150,1.1490,28307,2,5.75,87,15.31,1570,FROZEN,300,0.576684,0.211255,0.401972,5,2.872670,2.614004
2026-01-19 10:32:20,270.41,0.0153,0.0150,0.0150,3.5240,17725,0,0.47,7,8.02,402,FROZEN,300,0.628563,0.051879,0.385145,5,2.590590,2.614004
2026-01-19 10:32:21,376.48,0.0183,0.0150,0.0150,8.3270,20566,0,5.56,36,9.75,794,FROZEN,300,0.551233,-0.077330,0.254594,5,2.339264,2.614004
2026-01-19 10:32:22,268.95,0.0122,0.0150,0.0150,7.9860,22114,0,27.06,69,5.68,429,FROZEN,300,0.082323,-0.468910,0.202343,5,2.152229,2.614004
2026-01-19 10:32:23,355.82,0.0163,0.0150,0.0150,12.1080,21784,2,142.97,125,11.64,826,FROZEN,300,0.768405,0.686082,0.321050,5,2.005614,2.614004
2026-01-19 10:32:24,195.96,0.0080,0.0150,0.0150,5.8140,24476,3,435.85,100,14.52,1594,FROZEN,300,4.329034,3.560629,1.198238,5,2.161116,2.614004
2026-01-19 10:32:25,137.24,0.0085,0.0150,0.0150,1.7670,16171,0,16.12,41,5.48,324,FROZEN,300,0.317325,-4.011709,2.181832,5,2.346175,2.614004
2026-01-19 10:32:27,185.14,0.0096,0.0150,0.0150,3.5340,19371,3,5.68,41,8.71,819,FROZEN,300,0.428181,0.110856,2.092319,5,2.122643,2.614004
2026-01-19 10:32:28,197.09,0.0104,0.0150,0.0150,8.6580,19000,0,1.33,11,4.88,386,FROZEN,300,0.380310,-0.047871,1.932766,5,1.915166,2.614004
2026-01-19 10:32:29,146.07,0.0087,0.0150,0.0150,5.3850,16741,4,9.25,47,8.63,908,FROZEN,300,0.449671,0.069361,1.059949,5,1.730585,2.614004
2026-01-19 10:32:30,141.11,0.0092,0.0150,0.0150,1.8320,15256,1,0.45,18,3.26,234,FROZEN,300,0.487443,0.037771,0.066465,5,1.561304,2.614004
2026-01-19 10:32:31,165.55,0.0093,0.0150,0.0150,6.5620,17706,1,5.04,33,6.07,532,FROZEN,300,0.396822,-0.090620,0.061406,5,1.414236,2.614004
2026-01-19 10:32:32,470.11,0.0128,0.0150,0.0150,11.0940,36643,5,6.79,95,13.77,1252,FROZEN,300,0.467650,0.070827,0.067145,5,1.279895,2.614004
2026-01-19 10:32:33,391.35,0.0172,0.0150,0.0150,9.6390,22742,0,242.59,80,6.53,500,FROZEN,300,2.802540,2.334890,0.633527,5,1.385394,2.614004
2026-01-19 10:32:34,145.33,0.0094,0.0150,0.0150,1.8620,15523,0,2.90,21,5.56,413,FROZEN,300,0.375562,-2.426977,1.230829,5,1.489553,2.614004
2026-01-19 10:32:36,145.76,0.0104,0.0150,0.0150,2.7530,13990,1,5.14,37,10.89,914,FROZEN,300,0.376203,0.000641,1.208334,5,1.340661,2.614004
2026-01-19 10:32:37,192.56,0.0109,0.0150,0.0150,8.6790,17724,1,7.44,48,9.19,947,FROZEN,300,0.432503,0.056300,1.204702,5,1.212225,2.614004
2026-01-19 10:32:38,156.82,0.0097,0.0150,0.0150,9.2810,16138,1,1.40,10,7.73,557,FROZEN,300,0.364384,-0.068119,0.638009,5,1.097815,2.614004
2026-01-19 10:32:39,131.31,0.0088,0.0150,0.0150,3.7200,14948,3,11.61,65,8.76,795,FROZEN,300,0.403401,0.039017,0.041019,5,0.991935,2.614004
2026-01-19 10:32:40,232.82,0.0112,0.0150,0.0150,12.5840,20860,2,0.81,50,15.34,1534,FROZEN,300,0.542682,0.139280,0.075679,5,0.906669,2.614004
2026-01-19 10:32:41,138.91,0.0097,0.0150,0.0150,3.7090,14288,0,15.04,75,6.93,603,FROZEN,300,0.345564,-0.197118,0.110883,5,0.835714,2.614004
2026-01-19 10:32:42,352.40,0.0125,0.0150,0.0150,10.2250,28181,3,242.24,94,6.85,450,FROZEN,300,2.322546,1.976982,0.588099,5,0.949841,2.614004
2026-01-19 10:32:43,147.20,0.0084,0.0150,0.0150,1.9180,17429,2,14.12,125,7.30,626,FROZEN,300,0.448513,-1.874033,1.046853,5,1.042260,2.614004
2026-01-19 10:32:45,189.81,0.0096,0.0150,0.0150,3.0510,19763,1,3.55,32,5.25,354,FROZEN,300,0.399935,-0.048578,1.024178,5,0.942892,2.614004
2026-01-19 10:32:46,423.41,0.0255,0.0150,0.0150,15.8640,16598,1,173.09,20,5.15,386,FROZEN,300,8.914920,8.514985,3.103644,5,1.700101,2.614004
2026-01-19 10:32:47,275.71,0.0164,0.0150,0.0150,15.9380,16780,0,5.65,46,5.54,454,FROZEN,300,0.491065,-8.423855,4.715363,5,2.372477,2.614004
2026-01-19 10:32:48,260.41,0.0085,0.0150,0.0150,3.7360,30764,1,4.91,64,14.91,1420,FROZEN,300,0.508190,0.017125,4.251136,5,2.136941,2.614004
