timestamp,dstate_io_node_count
2026-01-08 11:40:12,2
2026-01-08 11:40:13,13
2026-01-08 11:40:14,37
2026-01-08 11:40:15,80
2026-01-08 11:40:16,26
2026-01-08 11:40:17,34
2026-01-08 11:40:18,248
2026-01-08 11:40:19,64
2026-01-08 11:40:20,101
2026-01-08 11:40:21,75
2026-01-08 11:40:22,55
2026-01-08 11:40:23,45
2026-01-08 11:40:24,63
2026-01-08 11:40:25,93
2026-01-08 11:40:26,61
2026-01-08 11:40:27,57
2026-01-08 11:40:28,40
2026-01-08 11:40:29,57
2026-01-08 11:40:30,85
2026-01-08 11:40:31,74
2026-01-08 11:40:32,40
2026-01-08 11:40:33,50
2026-01-08 11:40:34,53
2026-01-08 11:40:35,65
2026-01-08 11:40:36,50
2026-01-08 11:40:37,59
2026-01-08 11:40:38,47
2026-01-08 11:40:39,55
2026-01-08 11:40:40,122
2026-01-08 11:40:41,116
2026-01-08 11:40:42,67
2026-01-08 11:40:43,46
2026-01-08 11:40:44,68
2026-01-08 11:40:45,67
2026-01-08 11:40:46,55
2026-01-08 11:40:47,57
2026-01-08 11:40:48,99
2026-01-08 11:40:49,75
2026-01-08 11:40:50,102
2026-01-08 11:40:51,74
2026-01-08 11:40:52,48
2026-01-08 11:40:53,49
2026-01-08 11:40:54,61
2026-01-08 11:40:55,106
2026-01-08 11:40:56,62
2026-01-08 11:40:57,52
2026-01-08 11:40:58,38
2026-01-08 11:40:59,62
2026-01-08 11:41:00,82
2026-01-08 11:41:01,83
2026-01-08 11:41:02,50
2026-01-08 11:41:03,49
2026-01-08 11:41:04,56
2026-01-08 11:41:05,83
2026-01-08 11:41:06,168
2026-01-08 11:41:07,48
2026-01-08 11:41:08,46
2026-01-08 11:41:09,128
2026-01-08 11:41:10,96
2026-01-08 11:41:11,68
2026-01-08 11:41:12,34
2026-01-08 11:41:13,41
2026-01-08 11:41:14,55
2026-01-08 11:41:15,115
2026-01-08 11:41:16,64
2026-01-08 11:41:17,44
2026-01-08 11:41:18,50
2026-01-08 11:41:19,73
2026-01-08 11:41:20,81
2026-01-08 11:41:21,90
2026-01-08 11:41:22,44
2026-01-08 11:41:23,32
2026-01-08 11:41:24,52
2026-01-08 11:41:25,86
2026-01-08 11:41:26,48
2026-01-08 11:41:27,51
2026-01-08 11:41:28,47
2026-01-08 11:41:29,74
2026-01-08 11:41:30,91
2026-01-08 11:41:31,82
2026-01-08 11:41:32,38
2026-01-08 11:41:33,48
2026-01-08 11:41:34,62
2026-01-08 11:41:35,67
2026-01-08 11:41:36,40
2026-01-08 11:41:37,62
2026-01-08 11:41:38,41
2026-01-08 11:41:39,72
2026-01-08 11:41:40,81
2026-01-08 11:41:41,78
2026-01-08 11:41:42,69
2026-01-08 11:41:43,33
2026-01-08 11:41:44,40
2026-01-08 11:41:45,69
2026-01-08 11:41:46,44
2026-01-08 11:41:47,40
2026-01-08 11:41:48,31
2026-01-08 11:41:49,61
2026-01-08 11:41:50,76
2026-01-08 11:41:51,83
2026-01-08 11:41:52,42
2026-01-08 11:41:53,38
2026-01-08 11:41:54,70
2026-01-08 11:41:55,74
2026-01-08 11:41:56,53
2026-01-08 11:41:57,73
2026-01-08 11:41:58,44
2026-01-08 11:41:59,51
2026-01-08 11:42:00,69
2026-01-08 11:42:01,66
2026-01-08 11:42:02,40
2026-01-08 11:42:03,46
2026-01-08 11:42:04,57
2026-01-08 11:42:05,75
2026-01-08 11:42:06,182
2026-01-08 11:42:07,48
2026-01-08 11:42:08,36
2026-01-08 11:42:09,69
2026-01-08 11:42:10,76
2026-01-08 11:42:11,91
2026-01-08 11:42:12,53
2026-01-08 11:42:13,44
2026-01-08 11:42:14,151
2026-01-08 11:42:15,118
2026-01-08 11:42:16,57
2026-01-08 11:42:17,56
2026-01-08 11:42:18,52
2026-01-08 11:42:19,56
2026-01-08 11:42:20,82
2026-01-08 11:42:21,582
2026-01-08 11:42:22,98
2026-01-08 11:42:23,144
2026-01-08 11:42:24,242
2026-01-08 11:42:25,112
2026-01-08 11:42:26,71
2026-01-08 11:42:27,60
2026-01-08 11:42:28,40
2026-01-08 11:42:29,54
2026-01-08 11:42:30,108
2026-01-08 11:42:31,433
2026-01-08 11:42:32,389
2026-01-08 11:42:33,54
2026-01-08 11:42:34,590
2026-01-08 11:42:35,339
2026-01-08 11:42:36,84
2026-01-08 11:42:37,47
2026-01-08 11:42:38,52
2026-01-08 11:42:39,64
2026-01-08 11:42:40,86
2026-01-08 11:42:41,78
2026-01-08 11:42:42,38
2026-01-08 11:42:43,43
2026-01-08 11:42:44,49
2026-01-08 11:42:45,203
2026-01-08 11:42:46,66
2026-01-08 11:42:47,46
2026-01-08 11:42:48,37
2026-01-08 11:42:49,61
2026-01-08 11:42:50,105
2026-01-08 11:42:51,165
2026-01-08 11:42:52,41
2026-01-08 11:42:53,43
2026-01-08 11:42:54,46
2026-01-08 11:42:55,64
2026-01-08 11:42:56,50
2026-01-08 11:42:57,40
2026-01-08 11:42:58,41
2026-01-08 11:42:59,79
2026-01-08 11:43:00,85
2026-01-08 11:43:01,156
2026-01-08 11:43:02,84
2026-01-08 11:43:03,42
2026-01-08 11:43:04,74
2026-01-08 11:43:05,62
2026-01-08 11:43:06,187
2026-01-08 11:43:07,51
2026-01-08 11:43:08,37
2026-01-08 11:43:09,63
2026-01-08 11:43:10,82
2026-01-08 11:43:11,78
2026-01-08 11:43:12,1040
2026-01-08 11:43:13,84
2026-01-08 11:43:14,52
2026-01-08 11:43:15,95
2026-01-08 11:43:16,61
2026-01-08 11:43:17,42
2026-01-08 11:43:18,41
2026-01-08 11:43:19,70
2026-01-08 11:43:20,81
2026-01-08 11:43:21,85
2026-01-08 11:43:22,49
2026-01-08 11:43:23,40
2026-01-08 11:43:24,53
2026-01-08 11:43:25,78
2026-01-08 11:43:26,60
2026-01-08 11:43:27,49
2026-01-08 11:43:28,34
2026-01-08 11:43:29,55
2026-01-08 11:43:30,70
2026-01-08 11:43:31,79
2026-01-08 11:43:32,116
2026-01-08 11:43:33,40
2026-01-08 11:43:34,54
2026-01-08 11:43:35,73
2026-01-08 11:43:36,53
2026-01-08 11:43:37,51
2026-01-08 11:43:38,56
2026-01-08 11:43:39,60
2026-01-08 11:43:40,67
2026-01-08 11:43:41,76
2026-01-08 11:43:42,41
2026-01-08 11:43:43,35
2026-01-08 11:43:44,59
2026-01-08 11:43:45,81
2026-01-08 11:43:46,56
2026-01-08 11:43:47,40
2026-01-08 11:43:48,123
2026-01-08 11:43:49,61
2026-01-08 11:43:50,67
2026-01-08 11:43:51,82
2026-01-08 11:43:52,34
2026-01-08 11:43:53,138
2026-01-08 11:43:54,60
2026-01-08 11:43:55,103
2026-01-08 11:43:56,41
2026-01-08 11:43:57,58
2026-01-08 11:43:58,28
2026-01-08 11:43:59,62
2026-01-08 11:44:00,64
2026-01-08 11:44:01,79
2026-01-08 11:44:02,40
2026-01-08 11:44:03,42
2026-01-08 11:44:04,52
2026-01-08 11:44:05,64
2026-01-08 11:44:06,197
2026-01-08 11:44:07,67
2026-01-08 11:44:08,37
2026-01-08 11:44:09,64
2026-01-08 11:44:10,150
2026-01-08 11:44:11,86
2026-01-08 11:44:12,43
2026-01-08 11:44:13,65
2026-01-08 11:44:14,53
2026-01-08 11:44:15,86
2026-01-08 11:44:16,72
2026-01-08 11:44:17,49
2026-01-08 11:44:18,29
2026-01-08 11:44:19,273
2026-01-08 11:44:20,61
2026-01-08 11:44:21,95
2026-01-08 11:44:22,49
2026-01-08 11:44:23,44
2026-01-08 11:44:24,38
2026-01-08 11:44:25,100
2026-01-08 11:44:26,62
2026-01-08 11:44:27,64
2026-01-08 11:44:28,41
2026-01-08 11:44:29,72
2026-01-08 11:44:30,286
2026-01-08 11:44:31,97
2026-01-08 11:44:32,39
2026-01-08 11:44:33,43
2026-01-08 11:44:34,61
2026-01-08 11:44:35,69
2026-01-08 11:44:36,55
2026-01-08 11:44:37,43
2026-01-08 11:44:38,48
2026-01-08 11:44:39,55
2026-01-08 11:44:40,80
2026-01-08 11:44:41,71
2026-01-08 11:44:42,44
2026-01-08 11:44:43,55
2026-01-08 11:44:44,58
2026-01-08 11:44:45,76
2026-01-08 11:44:46,63
2026-01-08 11:44:47,45
2026-01-08 11:44:48,41
2026-01-08 11:44:49,72
2026-01-08 11:44:50,71
2026-01-08 11:44:51,76
2026-01-08 11:44:52,48
2026-01-08 11:44:53,40
2026-01-08 11:44:54,54
2026-01-08 11:44:55,64
2026-01-08 11:44:56,1030
2026-01-08 11:44:57,1296
2026-01-08 11:44:58,1319
2026-01-08 11:44:59,1331
2026-01-08 11:45:00,1320
2026-01-08 11:45:01,1386
2026-01-08 11:45:02,1339
2026-01-08 11:45:03,1217
2026-01-08 11:45:04,1396
2026-01-08 11:45:05,1278
2026-01-08 11:45:06,1362
2026-01-08 11:45:07,1268
2026-01-08 11:45:08,1256
2026-01-08 11:45:09,1312
2026-01-08 11:45:10,1249
2026-01-08 11:45:11,1203
2026-01-08 11:45:12,1226
2026-01-08 11:45:13,1113
2026-01-08 11:45:14,1271
2026-01-08 11:45:15,1142
2026-01-08 11:45:16,1254
2026-01-08 11:45:17,1200
2026-01-08 11:45:18,1230
2026-01-08 11:45:19,1155
2026-01-08 11:45:20,1228
2026-01-08 11:45:21,1148
2026-01-08 11:45:22,1190
2026-01-08 11:45:23,1159
2026-01-08 11:45:24,1163
2026-01-08 11:45:25,1118
2026-01-08 11:45:26,1090
2026-01-08 11:45:27,1053
2026-01-08 11:45:28,1228
2026-01-08 11:45:29,1177
2026-01-08 11:45:30,1135
2026-01-08 11:45:31,1306
2026-01-08 11:45:32,1204
2026-01-08 11:45:33,1085
2026-01-08 11:45:34,1066
2026-01-08 11:45:35,1023
2026-01-08 11:45:36,1177
2026-01-08 11:45:37,1054
2026-01-08 11:45:38,1172
2026-01-08 11:45:39,1139
2026-01-08 11:45:40,1103
2026-01-08 11:45:41,1248
2026-01-08 11:45:42,1103
2026-01-08 11:45:43,1065
2026-01-08 11:45:44,1091
2026-01-08 11:45:45,1081
2026-01-08 11:45:46,1143
2026-01-08 11:45:47,1149
2026-01-08 11:45:48,1152
2026-01-08 11:45:49,1116
2026-01-08 11:45:50,1122
2026-01-08 11:45:51,1038
2026-01-08 11:45:52,1132
2026-01-08 11:45:53,1037
2026-01-08 11:45:54,1053
2026-01-08 11:45:55,1153
2026-01-08 11:45:56,1160
2026-01-08 11:45:57,1117
2026-01-08 11:45:58,1094
2026-01-08 11:45:59,1073
2026-01-08 11:46:00,1137
2026-01-08 11:46:01,1163
2026-01-08 11:46:02,1106
2026-01-08 11:46:03,1144
2026-01-08 11:46:04,1100
2026-01-08 11:46:05,1080
2026-01-08 11:46:06,1181
2026-01-08 11:46:07,1134
2026-01-08 11:46:08,1143
2026-01-08 11:46:09,1095
2026-01-08 11:46:10,1111
2026-01-08 11:46:11,1194
2026-01-08 11:46:12,1162
2026-01-08 11:46:13,1116
2026-01-08 11:46:14,1116
2026-01-08 11:46:15,1124
2026-01-08 11:46:16,1151
2026-01-08 11:46:17,1057
2026-01-08 11:46:18,1205
2026-01-08 11:46:19,1078
2026-01-08 11:46:20,1129
2026-01-08 11:46:21,1166
2026-01-08 11:46:22,1102
2026-01-08 11:46:23,1134
2026-01-08 11:46:24,1054
2026-01-08 11:46:25,976
2026-01-08 11:46:26,1203
2026-01-08 11:46:27,1126
2026-01-08 11:46:28,1097
2026-01-08 11:46:29,1126
2026-01-08 11:46:30,1101
2026-01-08 11:46:31,1119
2026-01-08 11:46:32,1112
2026-01-08 11:46:33,1067
2026-01-08 11:46:34,1122
2026-01-08 11:46:35,1159
2026-01-08 11:46:36,1144
2026-01-08 11:46:37,1156
2026-01-08 11:46:38,1168
2026-01-08 11:46:39,1199
2026-01-08 11:46:40,1147
2026-01-08 11:46:41,1168
2026-01-08 11:46:42,1048
2026-01-08 11:46:43,1160
2026-01-08 11:46:44,1119
2026-01-08 11:46:45,1121
2026-01-08 11:46:46,1153
2026-01-08 11:46:47,1163
2026-01-08 11:46:48,1146
2026-01-08 11:46:49,1105
2026-01-08 11:46:50,1136
2026-01-08 11:46:51,1106
2026-01-08 11:46:52,1130
2026-01-08 11:46:53,1143
2026-01-08 11:46:54,1135
2026-01-08 11:46:55,1040
2026-01-08 11:46:56,1223
2026-01-08 11:46:57,1254
2026-01-08 11:46:58,1245
2026-01-08 11:46:59,1335
2026-01-08 11:47:00,1112
2026-01-08 11:47:01,1200
2026-01-08 11:47:02,1259
2026-01-08 11:47:03,1180
2026-01-08 11:47:04,1218
2026-01-08 11:47:05,1245
2026-01-08 11:47:06,1365
2026-01-08 11:47:07,1116
2026-01-08 11:47:08,1203
2026-01-08 11:47:09,1291
2026-01-08 11:47:10,1263
2026-01-08 11:47:11,1251
2026-01-08 11:47:12,1198
2026-01-08 11:47:13,1107
2026-01-08 11:47:14,1229
2026-01-08 11:47:15,1334
2026-01-08 11:47:16,1319
2026-01-08 11:47:17,1200
2026-01-08 11:47:18,1342
2026-01-08 11:47:19,1367
2026-01-08 11:47:20,1248
2026-01-08 11:47:21,1355
2026-01-08 11:47:22,1243
2026-01-08 11:47:23,1264
2026-01-08 11:47:24,1339
2026-01-08 11:47:25,1237
2026-01-08 11:47:26,1230
2026-01-08 11:47:27,1293
2026-01-08 11:47:28,1282
2026-01-08 11:47:29,1343
2026-01-08 11:47:30,1279
2026-01-08 11:47:31,1263
2026-01-08 11:47:32,1371
2026-01-08 11:47:33,1273
2026-01-08 11:47:34,1312
2026-01-08 11:47:35,1258
2026-01-08 11:47:36,1462
2026-01-08 11:47:37,1282
2026-01-08 11:47:38,1329
2026-01-08 11:47:39,1247
2026-01-08 11:47:40,1255
2026-01-08 11:47:41,1195
2026-01-08 11:47:42,1169
2026-01-08 11:47:43,1242
2026-01-08 11:47:44,1240
2026-01-08 11:47:45,1225
2026-01-08 11:47:46,1336
2026-01-08 11:47:47,1360
2026-01-08 11:47:48,1211
2026-01-08 11:47:49,1130
2026-01-08 11:47:50,1236
2026-01-08 11:47:51,1323
2026-01-08 11:47:52,1310
2026-01-08 11:47:53,1218
2026-01-08 11:47:54,1235
2026-01-08 11:47:55,1337
2026-01-08 11:47:56,841
2026-01-08 11:47:57,483
2026-01-08 11:47:58,553
2026-01-08 11:47:59,565
2026-01-08 11:48:00,492
2026-01-08 11:48:01,486
2026-01-08 11:48:02,482
2026-01-08 11:48:03,492
2026-01-08 11:48:04,606
2026-01-08 11:48:05,555
2026-01-08 11:48:06,702
2026-01-08 11:48:07,512
2026-01-08 11:48:08,521
2026-01-08 11:48:09,549
2026-01-08 11:48:10,563
2026-01-08 11:48:11,577
2026-01-08 11:48:12,1108
2026-01-08 11:48:13,773
2026-01-08 11:48:14,478
2026-01-08 11:48:15,509
2026-01-08 11:48:16,609
2026-01-08 11:48:17,532
2026-01-08 11:48:18,637
2026-01-08 11:48:19,543
2026-01-08 11:48:20,543
2026-01-08 11:48:21,654
2026-01-08 11:48:22,477
2026-01-08 11:48:23,409
2026-01-08 11:48:24,480
2026-01-08 11:48:25,511
2026-01-08 11:48:26,469
2026-01-08 11:48:27,631
2026-01-08 11:48:28,540
2026-01-08 11:48:29,646
2026-01-08 11:48:30,582
2026-01-08 11:48:31,678
2026-01-08 11:48:32,583
2026-01-08 11:48:33,572
2026-01-08 11:48:34,465
2026-01-08 11:48:35,560
2026-01-08 11:48:36,578
2026-01-08 11:48:37,582
2026-01-08 11:48:38,518
2026-01-08 11:48:39,586
2026-01-08 11:48:40,569
2026-01-08 11:48:41,556
2026-01-08 11:48:42,480
2026-01-08 11:48:43,567
2026-01-08 11:48:44,511
2026-01-08 11:48:45,444
2026-01-08 11:48:46,609
2026-01-08 11:48:47,582
2026-01-08 11:48:48,376
2026-01-08 11:48:49,554
2026-01-08 11:48:50,494
2026-01-08 11:48:51,564
2026-01-08 11:48:52,696
2026-01-08 11:48:53,619
2026-01-08 11:48:54,547
2026-01-08 11:48:55,534
2026-01-08 11:48:56,581
2026-01-08 11:48:57,552
2026-01-08 11:48:58,478
2026-01-08 11:48:59,576
2026-01-08 11:49:00,647
2026-01-08 11:49:01,631
2026-01-08 11:49:02,579
2026-01-08 11:49:03,644
2026-01-08 11:49:04,706
2026-01-08 11:49:05,715
2026-01-08 11:49:06,744
2026-01-08 11:49:07,669
2026-01-08 11:49:08,625
2026-01-08 11:49:09,689
2026-01-08 11:49:10,772
2026-01-08 11:49:11,701
2026-01-08 11:49:12,694
2026-01-08 11:49:13,695
2026-01-08 11:49:14,656
2026-01-08 11:49:15,782
2026-01-08 11:49:16,706
2026-01-08 11:49:17,638
2026-01-08 11:49:18,625
2026-01-08 11:49:19,639
2026-01-08 11:49:20,605
2026-01-08 11:49:21,688
2026-01-08 11:49:22,832
2026-01-08 11:49:23,976
2026-01-08 11:49:24,567
2026-01-08 11:49:25,707
2026-01-08 11:49:26,639
2026-01-08 11:49:27,621
2026-01-08 11:49:28,812
2026-01-08 11:49:29,626
2026-01-08 11:49:30,575
2026-01-08 11:49:31,658
2026-01-08 11:49:32,608
2026-01-08 11:49:33,667
2026-01-08 11:49:34,665
2026-01-08 11:49:35,635
2026-01-08 11:49:36,568
2026-01-08 11:49:37,603
2026-01-08 11:49:38,530
2026-01-08 11:49:39,617
2026-01-08 11:49:40,839
2026-01-08 11:49:41,698
2026-01-08 11:49:42,676
2026-01-08 11:49:43,681
2026-01-08 11:49:44,719
2026-01-08 11:49:45,542
2026-01-08 11:49:46,823
2026-01-08 11:49:47,650
2026-01-08 11:49:48,713
2026-01-08 11:49:49,547
2026-01-08 11:49:50,593
2026-01-08 11:49:51,522
2026-01-08 11:49:52,518
2026-01-08 11:49:53,428
2026-01-08 11:49:54,499
2026-01-08 11:49:55,570
2026-01-08 11:49:56,922
2026-01-08 11:49:57,1346
2026-01-08 11:49:58,1597
2026-01-08 11:49:59,1595
2026-01-08 11:50:00,1623
2026-01-08 11:50:01,1537
2026-01-08 11:50:02,1278
2026-01-08 11:50:03,1451
2026-01-08 11:50:04,1416
2026-01-08 11:50:05,1567
2026-01-08 11:50:06,1481
2026-01-08 11:50:07,1563
2026-01-08 11:50:08,1479
2026-01-08 11:50:09,1439
2026-01-08 11:50:10,1298
2026-01-08 11:50:11,1434
2026-01-08 11:50:12,1414
2026-01-08 11:50:13,950
2026-01-08 11:50:14,1310
2026-01-08 11:50:15,1353
2026-01-08 11:50:16,1482
2026-01-08 11:50:17,1523
2026-01-08 11:50:18,1265
2026-01-08 11:50:19,1358
2026-01-08 11:50:20,1602
2026-01-08 11:50:21,1382
2026-01-08 11:50:22,1343
2026-01-08 11:50:23,1603
2026-01-08 11:50:24,1299
2026-01-08 11:50:25,1348
2026-01-08 11:50:26,1082
2026-01-08 11:50:27,1063
2026-01-08 11:50:28,1199
2026-01-08 11:50:29,1040
2026-01-08 11:50:30,1383
2026-01-08 11:50:31,1437
2026-01-08 11:50:32,1024
2026-01-08 11:50:33,880
2026-01-08 11:50:34,1160
2026-01-08 11:50:35,1310
2026-01-08 11:50:36,1068
2026-01-08 11:50:37,1372
2026-01-08 11:50:38,1077
2026-01-08 11:50:39,916
2026-01-08 11:50:40,1190
2026-01-08 11:50:41,1066
2026-01-08 11:50:42,1043
2026-01-08 11:50:43,1391
2026-01-08 11:50:44,872
2026-01-08 11:50:45,1419
2026-01-08 11:50:46,919
2026-01-08 11:50:47,878
2026-01-08 11:50:48,930
2026-01-08 11:50:49,1025
2026-01-08 11:50:50,1197
2026-01-08 11:50:51,1319
2026-01-08 11:50:52,1093
2026-01-08 11:50:53,1074
2026-01-08 11:50:54,986
2026-01-08 11:50:55,967
2026-01-08 11:50:56,1138
2026-01-08 11:50:57,890
2026-01-08 11:50:58,1226
2026-01-08 11:50:59,947
2026-01-08 11:51:00,1295
2026-01-08 11:51:01,1147
2026-01-08 11:51:02,1085
2026-01-08 11:51:03,1251
2026-01-08 11:51:04,1057
2026-01-08 11:51:05,983
2026-01-08 11:51:06,1254
2026-01-08 11:51:07,846
2026-01-08 11:51:08,1246
2026-01-08 11:51:09,820
2026-01-08 11:51:10,1152
2026-01-08 11:51:11,953
2026-01-08 11:51:12,1104
2026-01-08 11:51:13,1041
2026-01-08 11:51:14,883
2026-01-08 11:51:15,1003
2026-01-08 11:51:16,808
2026-01-08 11:51:17,919
2026-01-08 11:51:18,884
2026-01-08 11:51:19,791
2026-01-08 11:51:20,804
2026-01-08 11:51:21,1148
2026-01-08 11:51:22,694
2026-01-08 11:51:23,939
2026-01-08 11:51:24,988
2026-01-08 11:51:25,1087
2026-01-08 11:51:26,1258
2026-01-08 11:51:27,917
2026-01-08 11:51:28,883
2026-01-08 11:51:29,591
2026-01-08 11:51:30,972
2026-01-08 11:51:31,823
2026-01-08 11:51:32,824
2026-01-08 11:51:33,748
2026-01-08 11:51:34,861
2026-01-08 11:51:35,985
2026-01-08 11:51:36,725
2026-01-08 11:51:37,951
2026-01-08 11:51:38,1021
2026-01-08 11:51:39,1150
2026-01-08 11:51:40,838
2026-01-08 11:51:41,1050
2026-01-08 11:51:42,1065
2026-01-08 11:51:43,743
2026-01-08 11:51:44,1012
2026-01-08 11:51:45,964
2026-01-08 11:51:46,1035
2026-01-08 11:51:47,974
2026-01-08 11:51:48,991
2026-01-08 11:51:49,867
2026-01-08 11:51:50,1088
2026-01-08 11:51:51,764
2026-01-08 11:51:52,924
2026-01-08 11:51:53,1022
2026-01-08 11:51:54,1001
2026-01-08 11:51:55,718
2026-01-08 11:51:56,1303
2026-01-08 11:51:57,1054
2026-01-08 11:51:58,1339
2026-01-08 11:51:59,1253
2026-01-08 11:52:00,1299
2026-01-08 11:52:01,1193
2026-01-08 11:52:02,1279
2026-01-08 11:52:03,1433
2026-01-08 11:52:04,1389
2026-01-08 11:52:05,1469
2026-01-08 11:52:06,1529
2026-01-08 11:52:07,1301
2026-01-08 11:52:08,1461
2026-01-08 11:52:09,1314
2026-01-08 11:52:10,1279
2026-01-08 11:52:11,1304
2026-01-08 11:52:12,1390
2026-01-08 11:52:13,1284
2026-01-08 11:52:14,1376
2026-01-08 11:52:15,1184
2026-01-08 11:52:16,1447
2026-01-08 11:52:17,1112
2026-01-08 11:52:18,1614
2026-01-08 11:52:19,1396
2026-01-08 11:52:20,1331
2026-01-08 11:52:21,1320
2026-01-08 11:52:22,1047
2026-01-08 11:52:23,1402
2026-01-08 11:52:24,942
2026-01-08 11:52:25,1362
2026-01-08 11:52:26,1345
2026-01-08 11:52:27,1383
2026-01-08 11:52:28,1303
2026-01-08 11:52:29,1104
2026-01-08 11:52:30,1659
2026-01-08 11:52:31,1460
2026-01-08 11:52:32,1181
2026-01-08 11:52:33,1145
2026-01-08 11:52:34,1254
2026-01-08 11:52:35,1355
2026-01-08 11:52:36,1492
2026-01-08 11:52:37,1540
2026-01-08 11:52:38,1180
2026-01-08 11:52:39,1395
2026-01-08 11:52:40,1472
2026-01-08 11:52:41,1480
2026-01-08 11:52:42,1436
2026-01-08 11:52:43,1401
2026-01-08 11:52:44,1426
2026-01-08 11:52:45,1400
2026-01-08 11:52:46,1412
2026-01-08 11:52:47,1245
2026-01-08 11:52:48,1180
2026-01-08 11:52:49,1320
2026-01-08 11:52:50,1506
2026-01-08 11:52:51,1404
2026-01-08 11:52:52,1159
2026-01-08 11:52:53,1561
2026-01-08 11:52:54,1540
2026-01-08 11:52:55,1197
2026-01-08 11:52:56,1399
2026-01-08 11:52:57,1260
2026-01-08 11:52:58,1578
2026-01-08 11:52:59,1431
2026-01-08 11:53:00,1369
2026-01-08 11:53:01,1185
2026-01-08 11:53:02,1045
2026-01-08 11:53:03,1135
2026-01-08 11:53:04,1187
2026-01-08 11:53:05,1105
2026-01-08 11:53:06,1191
2026-01-08 11:53:07,1311
2026-01-08 11:53:08,1460
2026-01-08 11:53:09,1434
2026-01-08 11:53:10,1422
2026-01-08 11:53:11,1394
2026-01-08 11:53:12,1645
2026-01-08 11:53:13,1579
2026-01-08 11:53:14,1527
2026-01-08 11:53:15,1500
2026-01-08 11:53:16,1824
2026-01-08 11:53:17,1295
2026-01-08 11:53:18,1077
2026-01-08 11:53:19,1512
2026-01-08 11:53:20,1331
2026-01-08 11:53:21,1267
2026-01-08 11:53:22,1448
2026-01-08 11:53:23,1585
2026-01-08 11:53:24,1157
2026-01-08 11:53:25,1000
2026-01-08 11:53:26,1306
2026-01-08 11:53:27,1248
2026-01-08 11:53:28,1489
2026-01-08 11:53:29,1395
2026-01-08 11:53:30,1622
2026-01-08 11:53:31,1295
2026-01-08 11:53:32,1414
2026-01-08 11:53:33,1479
2026-01-08 11:53:34,1381
2026-01-08 11:53:35,1667
2026-01-08 11:53:36,1514
2026-01-08 11:53:37,1514
2026-01-08 11:53:38,1373
2026-01-08 11:53:39,1384
2026-01-08 11:53:40,1300
2026-01-08 11:53:41,1301
2026-01-08 11:53:42,1676
2026-01-08 11:53:43,1539
2026-01-08 11:53:44,1249
2026-01-08 11:53:45,1528
2026-01-08 11:53:46,1461
2026-01-08 11:53:47,1484
2026-01-08 11:53:48,1423
2026-01-08 11:53:49,1220
2026-01-08 11:53:50,1322
2026-01-08 11:53:51,1574
2026-01-08 11:53:52,1418
2026-01-08 11:53:53,1648
2026-01-08 11:53:54,1344
2026-01-08 11:53:55,1385
2026-01-08 11:53:56,1712
2026-01-08 11:53:57,1783
2026-01-08 11:53:58,1738
2026-01-08 11:53:59,1707
2026-01-08 11:54:00,1846
2026-01-08 11:54:01,1820
2026-01-08 11:54:02,1590
2026-01-08 11:54:03,1671
2026-01-08 11:54:04,1732
2026-01-08 11:54:05,1864
2026-01-08 11:54:06,1809
2026-01-08 11:54:07,1536
2026-01-08 11:54:08,1245
2026-01-08 11:54:09,1364
2026-01-08 11:54:10,1349
2026-01-08 11:54:11,1756
2026-01-08 11:54:12,1668
2026-01-08 11:54:13,1437
2026-01-08 11:54:14,1683
2026-01-08 11:54:15,1982
2026-01-08 11:54:16,2020
2026-01-08 11:54:17,1603
2026-01-08 11:54:18,1671
2026-01-08 11:54:19,1469
2026-01-08 11:54:20,1654
2026-01-08 11:54:21,1239
2026-01-08 11:54:22,1477
2026-01-08 11:54:23,1520
2026-01-08 11:54:24,1238
2026-01-08 11:54:25,1437
2026-01-08 11:54:26,1436
2026-01-08 11:54:27,1651
2026-01-08 11:54:28,1002
2026-01-08 11:54:29,1915
2026-01-08 11:54:30,1662
2026-01-08 11:54:31,1740
2026-01-08 11:54:32,1506
2026-01-08 11:54:33,1463
2026-01-08 11:54:34,1919
2026-01-08 11:54:35,1877
2026-01-08 11:54:36,1787
2026-01-08 11:54:37,1714
2026-01-08 11:54:38,1457
2026-01-08 11:54:39,1700
2026-01-08 11:54:40,1791
2026-01-08 11:54:41,1648
2026-01-08 11:54:42,1719
2026-01-08 11:54:43,1822
2026-01-08 11:54:44,1569
2026-01-08 11:54:45,1839
2026-01-08 11:54:46,1868
2026-01-08 11:54:47,1689
2026-01-08 11:54:48,1461
2026-01-08 11:54:49,1635
2026-01-08 11:54:50,1794
2026-01-08 11:54:51,1748
2026-01-08 11:54:52,1650
2026-01-08 11:54:53,1679
2026-01-08 11:54:54,1690
2026-01-08 11:54:55,1844
2026-01-08 11:54:56,1826
2026-01-08 11:54:57,1861
2026-01-08 11:54:58,1658
2026-01-08 11:54:59,1338
2026-01-08 11:55:00,1558
2026-01-08 11:55:01,1653
2026-01-08 11:55:02,1600
2026-01-08 11:55:03,1451
2026-01-08 11:55:04,1716
2026-01-08 11:55:05,1667
2026-01-08 11:55:06,1807
2026-01-08 11:55:07,1661
2026-01-08 11:55:08,1494
2026-01-08 11:55:09,1726
2026-01-08 11:55:10,1370
2026-01-08 11:55:11,2030
2026-01-08 11:55:12,1844
2026-01-08 11:55:13,1466
2026-01-08 11:55:14,1693
2026-01-08 11:55:15,1546
2026-01-08 11:55:16,1631
2026-01-08 11:55:17,1546
2026-01-08 11:55:18,1338
2026-01-08 11:55:19,1499
2026-01-08 11:55:20,1647
2026-01-08 11:55:21,1665
2026-01-08 11:55:22,1843
2026-01-08 11:55:23,1736
2026-01-08 11:55:24,1616
2026-01-08 11:55:25,1520
2026-01-08 11:55:26,1638
2026-01-08 11:55:27,1703
2026-01-08 11:55:28,1579
2026-01-08 11:55:29,1729
2026-01-08 11:55:30,1712
2026-01-08 11:55:31,1818
2026-01-08 11:55:32,1895
2026-01-08 11:55:33,1873
2026-01-08 11:55:34,1864
2026-01-08 11:55:35,1916
2026-01-08 11:55:36,1753
2026-01-08 11:55:37,1844
2026-01-08 11:55:38,1948
2026-01-08 11:55:39,1602
2026-01-08 11:55:40,1591
2026-01-08 11:55:41,1716
2026-01-08 11:55:42,1779
2026-01-08 11:55:43,1784
2026-01-08 11:55:44,2152
2026-01-08 11:55:45,1665
2026-01-08 11:55:46,1757
2026-01-08 11:55:47,1878
2026-01-08 11:55:48,1647
2026-01-08 11:55:49,1530
2026-01-08 11:55:50,2008
2026-01-08 11:55:51,1854
2026-01-08 11:55:52,1897
2026-01-08 11:55:53,1677
2026-01-08 11:55:54,1784
2026-01-08 11:55:55,1957
2026-01-08 11:55:56,1784
2026-01-08 11:55:57,2061
2026-01-08 11:55:58,1914
2026-01-08 11:55:59,1962
2026-01-08 11:56:00,2086
2026-01-08 11:56:01,2038
2026-01-08 11:56:02,1969
2026-01-08 11:56:03,2055
2026-01-08 11:56:04,1975
2026-01-08 11:56:05,1742
2026-01-08 11:56:06,1963
2026-01-08 11:56:07,1917
2026-01-08 11:56:08,2282
2026-01-08 11:56:09,2047
2026-01-08 11:56:10,2022
2026-01-08 11:56:11,2110
2026-01-08 11:56:12,1982
2026-01-08 11:56:13,1886
2026-01-08 11:56:14,1983
2026-01-08 11:56:15,1843
2026-01-08 11:56:16,2128
2026-01-08 11:56:17,2123
2026-01-08 11:56:18,1985
2026-01-08 11:56:19,1978
2026-01-08 11:56:20,2058
2026-01-08 11:56:21,2235
2026-01-08 11:56:22,1848
2026-01-08 11:56:23,1453
2026-01-08 11:56:24,1546
2026-01-08 11:56:25,1591
2026-01-08 11:56:26,1625
2026-01-08 11:56:27,1748
2026-01-08 11:56:28,1726
2026-01-08 11:56:29,1806
2026-01-08 11:56:30,1660
2026-01-08 11:56:31,1797
2026-01-08 11:56:32,2067
2026-01-08 11:56:33,2183
2026-01-08 11:56:34,1941
2026-01-08 11:56:35,2041
2026-01-08 11:56:36,2190
2026-01-08 11:56:37,2108
2026-01-08 11:56:38,2049
2026-01-08 11:56:39,2019
2026-01-08 11:56:40,1937
2026-01-08 11:56:41,2181
2026-01-08 11:56:42,2022
2026-01-08 11:56:43,2155
2026-01-08 11:56:44,2075
2026-01-08 11:56:45,1872
2026-01-08 11:56:46,2127
2026-01-08 11:56:47,2049
2026-01-08 11:56:48,2130
2026-01-08 11:56:49,2185
2026-01-08 11:56:50,1956
2026-01-08 11:56:51,1910
2026-01-08 11:56:52,2130
2026-01-08 11:56:53,2108
2026-01-08 11:56:54,1997
2026-01-08 11:56:55,1769
2026-01-08 11:56:56,2230
2026-01-08 11:56:57,1893
2026-01-08 11:56:58,1574
2026-01-08 11:56:59,1949
2026-01-08 11:57:00,1898
2026-01-08 11:57:01,1889
2026-01-08 11:57:02,1687
2026-01-08 11:57:03,2029
2026-01-08 11:57:04,1849
2026-01-08 11:57:05,1820
2026-01-08 11:57:06,1602
2026-01-08 11:57:07,1814
2026-01-08 11:57:08,2114
2026-01-08 11:57:09,1808
2026-01-08 11:57:10,2023
2026-01-08 11:57:11,2465
2026-01-08 11:57:12,2072
2026-01-08 11:57:13,1682
2026-01-08 11:57:14,2011
2026-01-08 11:57:15,1982
2026-01-08 11:57:16,2019
2026-01-08 11:57:17,2172
2026-01-08 11:57:18,2431
2026-01-08 11:57:19,1971
2026-01-08 11:57:20,1993
2026-01-08 11:57:21,2019
2026-01-08 11:57:22,2198
2026-01-08 11:57:23,2015
2026-01-08 11:57:24,1962
2026-01-08 11:57:25,2033
2026-01-08 11:57:26,2004
2026-01-08 11:57:27,1866
2026-01-08 11:57:28,1908
2026-01-08 11:57:29,1709
2026-01-08 11:57:30,1821
2026-01-08 11:57:31,1858
2026-01-08 11:57:32,2265
2026-01-08 11:57:33,1905
2026-01-08 11:57:34,1906
2026-01-08 11:57:35,2237
2026-01-08 11:57:36,2061
2026-01-08 11:57:37,1952
2026-01-08 11:57:38,1862
2026-01-08 11:57:39,2033
2026-01-08 11:57:40,2141
2026-01-08 11:57:41,2187
2026-01-08 11:57:42,1919
2026-01-08 11:57:43,2357
2026-01-08 11:57:44,1949
2026-01-08 11:57:45,2216
2026-01-08 11:57:46,2178
2026-01-08 11:57:47,2189
2026-01-08 11:57:48,2472
2026-01-08 11:57:49,2271
2026-01-08 11:57:50,2483
2026-01-08 11:57:51,2139
2026-01-08 11:57:52,2439
2026-01-08 11:57:53,2321
2026-01-08 11:57:54,2166
2026-01-08 11:57:55,2214
2026-01-08 11:57:56,2433
2026-01-08 11:57:57,2220
2026-01-08 11:57:58,1948
2026-01-08 11:57:59,2163
2026-01-08 11:58:00,2235
2026-01-08 11:58:01,2480
2026-01-08 11:58:02,2151
2026-01-08 11:58:03,2626
2026-01-08 11:58:04,2337
2026-01-08 11:58:05,2707
2026-01-08 11:58:06,2459
2026-01-08 11:58:07,2323
2026-01-08 11:58:08,2044
2026-01-08 11:58:09,2163
2026-01-08 11:58:10,2479
2026-01-08 11:58:11,2219
2026-01-08 11:58:12,2451
2026-01-08 11:58:13,2215
2026-01-08 11:58:14,3068
2026-01-08 11:58:15,2263
2026-01-08 11:58:16,2420
2026-01-08 11:58:17,2350
2026-01-08 11:58:18,2517
2026-01-08 11:58:19,2367
2026-01-08 11:58:20,2420
2026-01-08 11:58:21,2423
2026-01-08 11:58:22,2222
2026-01-08 11:58:23,2383
2026-01-08 11:58:24,2163
2026-01-08 11:58:25,2735
2026-01-08 11:58:26,2468
2026-01-08 11:58:27,2257
2026-01-08 11:58:28,2183
2026-01-08 11:58:29,2133
2026-01-08 11:58:30,2362
2026-01-08 11:58:31,2109
2026-01-08 11:58:32,2548
2026-01-08 11:58:33,2170
2026-01-08 11:58:34,2209
2026-01-08 11:58:35,2348
2026-01-08 11:58:36,2160
2026-01-08 11:58:37,2224
2026-01-08 11:58:38,2324
2026-01-08 11:58:39,2581
2026-01-08 11:58:40,2304
2026-01-08 11:58:41,1680
2026-01-08 11:58:42,1826
2026-01-08 11:58:43,2017
2026-01-08 11:58:44,1910
2026-01-08 11:58:45,1907
2026-01-08 11:58:46,2440
2026-01-08 11:58:47,2044
2026-01-08 11:58:48,1523
2026-01-08 11:58:49,1897
2026-01-08 11:58:50,1872
2026-01-08 11:58:51,2123
2026-01-08 11:58:52,1851
2026-01-08 11:58:53,2321
2026-01-08 11:58:54,2597
2026-01-08 11:58:55,1925
2026-01-08 11:58:56,2051
2026-01-08 11:58:57,2676
2026-01-08 11:58:58,2020
2026-01-08 11:58:59,2313
2026-01-08 11:59:00,2328
2026-01-08 11:59:01,2188
2026-01-08 11:59:02,2163
2026-01-08 11:59:03,2090
2026-01-08 11:59:04,1958
2026-01-08 11:59:05,2147
2026-01-08 11:59:06,2254
2026-01-08 11:59:07,2109
2026-01-08 11:59:08,1830
2026-01-08 11:59:09,1831
2026-01-08 11:59:10,2115
2026-01-08 11:59:11,2228
2026-01-08 11:59:12,2175
2026-01-08 11:59:13,2298
2026-01-08 11:59:14,2075
2026-01-08 11:59:15,1924
2026-01-08 11:59:16,2101
2026-01-08 11:59:17,2319
2026-01-08 11:59:18,1958
2026-01-08 11:59:19,2114
2026-01-08 11:59:20,1999
2026-01-08 11:59:21,1961
2026-01-08 11:59:22,2008
2026-01-08 11:59:23,2133
2026-01-08 11:59:24,1788
2026-01-08 11:59:25,1956
2026-01-08 11:59:26,2060
2026-01-08 11:59:27,1925
2026-01-08 11:59:28,1978
2026-01-08 11:59:29,1790
2026-01-08 11:59:30,1735
2026-01-08 11:59:31,1952
2026-01-08 11:59:32,2155
2026-01-08 11:59:33,1984
2026-01-08 11:59:34,1672
2026-01-08 11:59:35,2012
2026-01-08 11:59:36,2187
2026-01-08 11:59:37,1732
2026-01-08 11:59:38,2165
2026-01-08 11:59:39,1630
2026-01-08 11:59:40,1695
2026-01-08 11:59:41,1945
2026-01-08 11:59:42,1926
2026-01-08 11:59:43,1847
2026-01-08 11:59:44,1818
2026-01-08 11:59:45,2010
2026-01-08 11:59:46,2136
2026-01-08 11:59:47,1966
2026-01-08 11:59:48,1800
2026-01-08 11:59:49,2091
2026-01-08 11:59:50,1885
2026-01-08 11:59:51,1890
2026-01-08 11:59:52,1923
2026-01-08 11:59:53,1524
2026-01-08 11:59:54,1811
2026-01-08 11:59:55,1489
2026-01-08 11:59:56,1693
2026-01-08 11:59:57,1554
2026-01-08 11:59:58,1710
2026-01-08 11:59:59,1874
2026-01-08 12:00:00,1634
2026-01-08 12:00:01,1875
2026-01-08 12:00:02,1781
2026-01-08 12:00:03,1764
2026-01-08 12:00:04,1688
2026-01-08 12:00:05,1679
2026-01-08 12:00:06,1564
2026-01-08 12:00:07,1481
2026-01-08 12:00:08,1596
2026-01-08 12:00:09,1696
2026-01-08 12:00:10,1728
2026-01-08 12:00:11,1584
2026-01-08 12:00:12,1516
2026-01-08 12:00:13,1821
2026-01-08 12:00:14,1609
2026-01-08 12:00:15,1536
2026-01-08 12:00:16,1722
2026-01-08 12:00:17,1917
2026-01-08 12:00:18,1848
2026-01-08 12:00:19,1580
2026-01-08 12:00:20,1494
2026-01-08 12:00:21,1759
2026-01-08 12:00:22,1671
2026-01-08 12:00:23,1503
2026-01-08 12:00:24,1524
2026-01-08 12:00:25,1346
2026-01-08 12:00:26,1496
2026-01-08 12:00:27,1454
2026-01-08 12:00:28,1261
2026-01-08 12:00:29,1328
2026-01-08 12:00:30,1384
2026-01-08 12:00:31,1529
2026-01-08 12:00:32,1518
2026-01-08 12:00:33,1434
2026-01-08 12:00:34,1552
2026-01-08 12:00:35,1273
2026-01-08 12:00:36,1702
2026-01-08 12:00:37,1642
2026-01-08 12:00:38,1610
2026-01-08 12:00:39,1993
2026-01-08 12:00:40,1818
2026-01-08 12:00:41,1841
2026-01-08 12:00:42,1644
2026-01-08 12:00:43,1840
2026-01-08 12:00:44,1821
2026-01-08 12:00:45,1803
2026-01-08 12:00:46,1730
2026-01-08 12:00:47,1683
2026-01-08 12:00:48,1610
2026-01-08 12:00:49,2027
2026-01-08 12:00:50,1622
2026-01-08 12:00:51,1729
2026-01-08 12:00:52,1949
2026-01-08 12:00:53,1835
2026-01-08 12:00:54,1463
2026-01-08 12:00:55,1834
2026-01-08 12:00:56,2171
2026-01-08 12:00:57,1696
2026-01-08 12:00:58,1767
2026-01-08 12:00:59,1489
2026-01-08 12:01:00,1523
2026-01-08 12:01:01,1821
2026-01-08 12:01:02,1978
2026-01-08 12:01:03,1768
2026-01-08 12:01:04,1900
2026-01-08 12:01:05,2273
2026-01-08 12:01:06,2027
2026-01-08 12:01:07,1502
2026-01-08 12:01:08,1818
2026-01-08 12:01:09,1849
2026-01-08 12:01:10,1925
2026-01-08 12:01:11,1918
2026-01-08 12:01:12,1665
2026-01-08 12:01:13,1716
2026-01-08 12:01:14,1743
2026-01-08 12:01:15,1784
2026-01-08 12:01:16,1998
2026-01-08 12:01:17,1619
2026-01-08 12:01:18,2116
2026-01-08 12:01:19,1636
2026-01-08 12:01:20,734
2026-01-08 12:01:21,2011
2026-01-08 12:01:22,1849
2026-01-08 12:01:23,1967
2026-01-08 12:01:24,1872
2026-01-08 12:01:25,1884
2026-01-08 12:01:26,2145
2026-01-08 12:01:27,1888
2026-01-08 12:01:28,1799
2026-01-08 12:01:29,2090
2026-01-08 12:01:30,1973
2026-01-08 12:01:31,2011
2026-01-08 12:01:32,1637
2026-01-08 12:01:33,2026
2026-01-08 12:01:34,1890
2026-01-08 12:01:35,1847
2026-01-08 12:01:36,2017
2026-01-08 12:01:37,1602
2026-01-08 12:01:38,1792
2026-01-08 12:01:39,2045
2026-01-08 12:01:40,1815
2026-01-08 12:01:41,2029
2026-01-08 12:01:42,2069
2026-01-08 12:01:43,1874
2026-01-08 12:01:44,1970
2026-01-08 12:01:45,2102
2026-01-08 12:01:46,1821
2026-01-08 12:01:47,1927
2026-01-08 12:01:48,1910
2026-01-08 12:01:49,1855
2026-01-08 12:01:50,2144
2026-01-08 12:01:51,1869
2026-01-08 12:01:52,2107
2026-01-08 12:01:53,1875
2026-01-08 12:01:54,1945
2026-01-08 12:01:55,2141
2026-01-08 12:01:56,1929
2026-01-08 12:01:57,1850
2026-01-08 12:01:58,1952
2026-01-08 12:01:59,1611
2026-01-08 12:02:00,1764
2026-01-08 12:02:01,1526
2026-01-08 12:02:02,2003
2026-01-08 12:02:03,1615
2026-01-08 12:02:04,1644
2026-01-08 12:02:05,1742
2026-01-08 12:02:06,2043
2026-01-08 12:02:07,1846
2026-01-08 12:02:08,1563
2026-01-08 12:02:09,1828
2026-01-08 12:02:10,1784
2026-01-08 12:02:11,1895
2026-01-08 12:02:12,1659
2026-01-08 12:02:13,1623
2026-01-08 12:02:14,1967
2026-01-08 12:02:15,1715
2026-01-08 12:02:16,1833
2026-01-08 12:02:17,1681
2026-01-08 12:02:18,1828
2026-01-08 12:02:19,1826
2026-01-08 12:02:20,1552
2026-01-08 12:02:21,1871
2026-01-08 12:02:22,1483
2026-01-08 12:02:23,1312
2026-01-08 12:02:24,1472
2026-01-08 12:02:25,1213
2026-01-08 12:02:26,1585
2026-01-08 12:02:27,1322
2026-01-08 12:02:28,1349
2026-01-08 12:02:29,1507
2026-01-08 12:02:30,1428
2026-01-08 12:02:31,1705
2026-01-08 12:02:32,1379
2026-01-08 12:02:33,1527
2026-01-08 12:02:34,1659
2026-01-08 12:02:35,1477
2026-01-08 12:02:36,1594
2026-01-08 12:02:37,1778
2026-01-08 12:02:38,1549
2026-01-08 12:02:39,1682
2026-01-08 12:02:40,1751
2026-01-08 12:02:41,1704
2026-01-08 12:02:42,1772
2026-01-08 12:02:43,1829
2026-01-08 12:02:44,1670
2026-01-08 12:02:45,1804
2026-01-08 12:02:46,1693
2026-01-08 12:02:47,1794
2026-01-08 12:02:48,2014
2026-01-08 12:02:49,1744
2026-01-08 12:02:50,1736
2026-01-08 12:02:51,1505
2026-01-08 12:02:52,1787
2026-01-08 12:02:53,1778
2026-01-08 12:02:54,1713
2026-01-08 12:02:55,1923
2026-01-08 12:02:56,1686
2026-01-08 12:02:57,1437
2026-01-08 12:02:58,1597
2026-01-08 12:02:59,1584
2026-01-08 12:03:00,1973
2026-01-08 12:03:01,1635
2026-01-08 12:03:02,1838
2026-01-08 12:03:03,2003
2026-01-08 12:03:04,1834
2026-01-08 12:03:05,1968
2026-01-08 12:03:06,2547
2026-01-08 12:03:07,2506
2026-01-08 12:03:08,2179
2026-01-08 12:03:09,2587
2026-01-08 12:03:10,2537
2026-01-08 12:03:11,2607
2026-01-08 12:03:12,2504
2026-01-08 12:03:13,3093
2026-01-08 12:03:14,2720
2026-01-08 12:03:15,2656
2026-01-08 12:03:16,2611
2026-01-08 12:03:17,2618
2026-01-08 12:03:18,2673
2026-01-08 12:03:19,2768
2026-01-08 12:03:20,2503
2026-01-08 12:03:21,2415
2026-01-08 12:03:22,2465
2026-01-08 12:03:23,2508
2026-01-08 12:03:24,2602
2026-01-08 12:03:25,2899
2026-01-08 12:03:26,2847
2026-01-08 12:03:27,2644
2026-01-08 12:03:28,2256
2026-01-08 12:03:29,2510
2026-01-08 12:03:30,2787
2026-01-08 12:03:31,2655
2026-01-08 12:03:32,2959
2026-01-08 12:03:33,2564
2026-01-08 12:03:34,2161
2026-01-08 12:03:35,2726
2026-01-08 12:03:36,2778
2026-01-08 12:03:37,1837
2026-01-08 12:03:38,2090
2026-01-08 12:03:39,2306
2026-01-08 12:03:40,2184
2026-01-08 12:03:41,2152
2026-01-08 12:03:42,2189
2026-01-08 12:03:43,2265
2026-01-08 12:03:44,2323
2026-01-08 12:03:45,2077
2026-01-08 12:03:46,2204
2026-01-08 12:03:47,1910
2026-01-08 12:03:48,2261
2026-01-08 12:03:49,2568
2026-01-08 12:03:50,2476
2026-01-08 12:03:51,2328
2026-01-08 12:03:52,2604
2026-01-08 12:03:53,2581
2026-01-08 12:03:54,2576
2026-01-08 12:03:55,2477
2026-01-08 12:03:56,2254
2026-01-08 12:03:57,2506
2026-01-08 12:03:58,2026
2026-01-08 12:03:59,1931
2026-01-08 12:04:00,2327
2026-01-08 12:04:01,2284
2026-01-08 12:04:02,2139
2026-01-08 12:04:03,2251
2026-01-08 12:04:04,2501
2026-01-08 12:04:05,2408
2026-01-08 12:04:06,1916
2026-01-08 12:04:07,1986
2026-01-08 12:04:08,2348
2026-01-08 12:04:09,2296
2026-01-08 12:04:10,2049
2026-01-08 12:04:11,2427
2026-01-08 12:04:12,2162
2026-01-08 12:04:13,2319
2026-01-08 12:04:14,2444
2026-01-08 12:04:15,2008
2026-01-08 12:04:16,2099
2026-01-08 12:04:17,2237
2026-01-08 12:04:18,2233
2026-01-08 12:04:19,2110
2026-01-08 12:04:20,2286
2026-01-08 12:04:21,2159
2026-01-08 12:04:22,2263
2026-01-08 12:04:23,2297
2026-01-08 12:04:24,2063
2026-01-08 12:04:25,2120
2026-01-08 12:04:26,2451
2026-01-08 12:04:27,2033
2026-01-08 12:04:28,2328
2026-01-08 12:04:29,2480
2026-01-08 12:04:30,2031
2026-01-08 12:04:31,2112
2026-01-08 12:04:32,2208
2026-01-08 12:04:33,2132
2026-01-08 12:04:34,2178
2026-01-08 12:04:35,1800
2026-01-08 12:04:36,1894
2026-01-08 12:04:37,1784
2026-01-08 12:04:38,1800
2026-01-08 12:04:39,1819
2026-01-08 12:04:40,1844
2026-01-08 12:04:41,2136
2026-01-08 12:04:42,1940
2026-01-08 12:04:43,1898
2026-01-08 12:04:44,1842
2026-01-08 12:04:45,2168
2026-01-08 12:04:46,2031
2026-01-08 12:04:47,2107
2026-01-08 12:04:48,1778
2026-01-08 12:04:49,1906
2026-01-08 12:04:50,1837
2026-01-08 12:04:51,2166
2026-01-08 12:04:52,2213
2026-01-08 12:04:53,1386
2026-01-08 12:04:54,1578
2026-01-08 12:04:55,2148
2026-01-08 12:04:56,2238
2026-01-08 12:04:57,1967
2026-01-08 12:04:58,2009
2026-01-08 12:04:59,1902
2026-01-08 12:05:00,1989
2026-01-08 12:05:01,2122
2026-01-08 12:05:02,1731
2026-01-08 12:05:03,1799
2026-01-08 12:05:04,2025
2026-01-08 12:05:05,1973
2026-01-08 12:05:06,1957
2026-01-08 12:05:07,2104
2026-01-08 12:05:08,2049
2026-01-08 12:05:09,1827
2026-01-08 12:05:10,1952
2026-01-08 12:05:11,2293
2026-01-08 12:05:12,2187
2026-01-08 12:05:13,2161
2026-01-08 12:05:14,1965
2026-01-08 12:05:15,2257
2026-01-08 12:05:16,2420
2026-01-08 12:05:17,2260
2026-01-08 12:05:18,2262
2026-01-08 12:05:19,2049
2026-01-08 12:05:20,2267
2026-01-08 12:05:21,2324
2026-01-08 12:05:22,2146
2026-01-08 12:05:23,2220
2026-01-08 12:05:24,2416
2026-01-08 12:05:25,2027
2026-01-08 12:05:26,1876
2026-01-08 12:05:27,1860
2026-01-08 12:05:28,2444
2026-01-08 12:05:29,2373
2026-01-08 12:05:30,2280
2026-01-08 12:05:31,2456
2026-01-08 12:05:32,2462
2026-01-08 12:05:33,2294
2026-01-08 12:05:34,2032
2026-01-08 12:05:35,2230
2026-01-08 12:05:36,2290
2026-01-08 12:05:37,1982
2026-01-08 12:05:38,2182
2026-01-08 12:05:39,2526
2026-01-08 12:05:40,2260
2026-01-08 12:05:41,2125
2026-01-08 12:05:42,2325
2026-01-08 12:05:43,2165
2026-01-08 12:05:44,2327
2026-01-08 12:05:45,2147
2026-01-08 12:05:46,2405
2026-01-08 12:05:47,2072
2026-01-08 12:05:48,2113
2026-01-08 12:05:49,2160
2026-01-08 12:05:50,2284
2026-01-08 12:05:51,2224
2026-01-08 12:05:52,2178
2026-01-08 12:05:53,2266
2026-01-08 12:05:54,2047
2026-01-08 12:05:55,2039
2026-01-08 12:05:56,1818
2026-01-08 12:05:57,1384
2026-01-08 12:05:58,1441
2026-01-08 12:05:59,1401
2026-01-08 12:06:00,1339
2026-01-08 12:06:01,1131
2026-01-08 12:06:02,1280
2026-01-08 12:06:03,1165
2026-01-08 12:06:04,1435
2026-01-08 12:06:05,1395
2026-01-08 12:06:06,1455
2026-01-08 12:06:07,1446
2026-01-08 12:06:08,1435
2026-01-08 12:06:09,1363
2026-01-08 12:06:10,1359
2026-01-08 12:06:11,1053
2026-01-08 12:06:12,978
2026-01-08 12:06:13,1245
2026-01-08 12:06:14,1311
2026-01-08 12:06:15,1110
2026-01-08 12:06:16,1422
2026-01-08 12:06:17,1109
2026-01-08 12:06:18,1119
2026-01-08 12:06:19,1287
2026-01-08 12:06:20,1181
2026-01-08 12:06:21,1069
2026-01-08 12:06:22,1193
2026-01-08 12:06:23,1339
2026-01-08 12:06:24,1454
2026-01-08 12:06:25,1247
2026-01-08 12:06:26,1327
2026-01-08 12:06:27,1095
2026-01-08 12:06:28,1215
2026-01-08 12:06:29,1238
2026-01-08 12:06:30,1464
2026-01-08 12:06:31,1446
2026-01-08 12:06:32,1531
2026-01-08 12:06:33,1397
2026-01-08 12:06:34,1335
2026-01-08 12:06:35,1276
2026-01-08 12:06:36,1387
2026-01-08 12:06:37,1418
2026-01-08 12:06:38,1308
2026-01-08 12:06:39,1241
2026-01-08 12:06:40,1427
2026-01-08 12:06:41,1272
2026-01-08 12:06:42,1339
2026-01-08 12:06:43,1608
2026-01-08 12:06:44,1250
2026-01-08 12:06:45,1391
2026-01-08 12:06:46,1148
2026-01-08 12:06:47,1312
2026-01-08 12:06:48,1324
2026-01-08 12:06:49,1466
2026-01-08 12:06:50,1474
2026-01-08 12:06:51,1424
2026-01-08 12:06:52,1398
2026-01-08 12:06:53,1326
2026-01-08 12:06:54,1348
2026-01-08 12:06:55,1385
2026-01-08 12:06:56,1336
2026-01-08 12:06:57,1368
2026-01-08 12:06:58,1189
2026-01-08 12:06:59,1246
2026-01-08 12:07:00,1421
2026-01-08 12:07:01,1626
2026-01-08 12:07:02,1288
2026-01-08 12:07:03,1557
2026-01-08 12:07:04,1447
2026-01-08 12:07:05,1153
2026-01-08 12:07:06,1371
2026-01-08 12:07:07,1436
2026-01-08 12:07:08,1437
2026-01-08 12:07:09,1274
2026-01-08 12:07:10,1267
2026-01-08 12:07:11,1478
2026-01-08 12:07:12,1551
2026-01-08 12:07:13,1215
2026-01-08 12:07:14,1461
2026-01-08 12:07:15,1204
2026-01-08 12:07:16,1411
2026-01-08 12:07:17,1225
2026-01-08 12:07:18,1466
2026-01-08 12:07:19,1169
2026-01-08 12:07:20,1139
2026-01-08 12:07:21,1459
2026-01-08 12:07:22,1366
2026-01-08 12:07:23,1552
2026-01-08 12:07:24,1377
2026-01-08 12:07:25,1528
2026-01-08 12:07:26,1379
2026-01-08 12:07:27,1434
2026-01-08 12:07:28,1301
2026-01-08 12:07:29,1297
2026-01-08 12:07:30,925
2026-01-08 12:07:31,1088
2026-01-08 12:07:32,1026
2026-01-08 12:07:33,1482
2026-01-08 12:07:34,1192
2026-01-08 12:07:35,1180
2026-01-08 12:07:36,1306
2026-01-08 12:07:37,1170
2026-01-08 12:07:38,1080
2026-01-08 12:07:39,1027
2026-01-08 12:07:40,1038
2026-01-08 12:07:41,1111
2026-01-08 12:07:42,1136
2026-01-08 12:07:43,1204
2026-01-08 12:07:44,1014
2026-01-08 12:07:45,1150
2026-01-08 12:07:46,1226
2026-01-08 12:07:47,1289
2026-01-08 12:07:48,1196
2026-01-08 12:07:49,1130
2026-01-08 12:07:50,1302
2026-01-08 12:07:51,1269
2026-01-08 12:07:52,1443
2026-01-08 12:07:53,1226
2026-01-08 12:07:54,1363
2026-01-08 12:07:55,1356
2026-01-08 12:07:56,1435
2026-01-08 12:07:57,272
2026-01-08 12:07:58,251
2026-01-08 12:07:59,244
2026-01-08 12:08:00,310
2026-01-08 12:08:01,310
2026-01-08 12:08:02,487
2026-01-08 12:08:03,552
2026-01-08 12:08:04,470
2026-01-08 12:08:05,393
2026-01-08 12:08:06,495
2026-01-08 12:08:07,511
2026-01-08 12:08:08,425
2026-01-08 12:08:09,534
2026-01-08 12:08:10,462
2026-01-08 12:08:11,413
2026-01-08 12:08:12,818
2026-01-08 12:08:13,999
2026-01-08 12:08:14,339
2026-01-08 12:08:15,426
2026-01-08 12:08:16,437
2026-01-08 12:08:17,643
2026-01-08 12:08:18,393
2026-01-08 12:08:19,364
2026-01-08 12:08:20,450
2026-01-08 12:08:21,465
2026-01-08 12:08:22,466
2026-01-08 12:08:23,426
2026-01-08 12:08:24,435
2026-01-08 12:08:25,505
2026-01-08 12:08:26,378
2026-01-08 12:08:27,409
2026-01-08 12:08:28,475
2026-01-08 12:08:29,457
2026-01-08 12:08:30,360
2026-01-08 12:08:31,462
2026-01-08 12:08:32,437
2026-01-08 12:08:33,447
2026-01-08 12:08:34,530
2026-01-08 12:08:35,431
2026-01-08 12:08:36,580
2026-01-08 12:08:37,331
2026-01-08 12:08:38,397
2026-01-08 12:08:39,402
2026-01-08 12:08:40,320
2026-01-08 12:08:41,425
2026-01-08 12:08:42,409
2026-01-08 12:08:43,403
2026-01-08 12:08:44,356
2026-01-08 12:08:45,391
2026-01-08 12:08:46,378
2026-01-08 12:08:47,517
2026-01-08 12:08:48,310
2026-01-08 12:08:49,328
2026-01-08 12:08:50,347
2026-01-08 12:08:51,462
2026-01-08 12:08:52,328
2026-01-08 12:08:53,313
2026-01-08 12:08:54,313
2026-01-08 12:08:55,308
2026-01-08 12:08:56,365
2026-01-08 12:08:57,306
2026-01-08 12:08:58,406
2026-01-08 12:08:59,316
2026-01-08 12:09:00,418
2026-01-08 12:09:01,424
2026-01-08 12:09:02,490
2026-01-08 12:09:03,400
2026-01-08 12:09:04,254
2026-01-08 12:09:05,318
2026-01-08 12:09:06,461
2026-01-08 12:09:07,345
2026-01-08 12:09:08,407
2026-01-08 12:09:09,367
2026-01-08 12:09:10,245
2026-01-08 12:09:11,352
2026-01-08 12:09:12,279
2026-01-08 12:09:13,284
2026-01-08 12:09:14,249
2026-01-08 12:09:15,309
2026-01-08 12:09:16,400
2026-01-08 12:09:17,261
2026-01-08 12:09:18,240
2026-01-08 12:09:19,387
2026-01-08 12:09:20,378
2026-01-08 12:09:21,318
2026-01-08 12:09:22,282
2026-01-08 12:09:23,324
2026-01-08 12:09:24,368
2026-01-08 12:09:25,313
2026-01-08 12:09:26,292
2026-01-08 12:09:27,276
2026-01-08 12:09:28,345
2026-01-08 12:09:29,326
2026-01-08 12:09:30,344
2026-01-08 12:09:31,325
2026-01-08 12:09:32,337
2026-01-08 12:09:33,335
2026-01-08 12:09:34,294
2026-01-08 12:09:35,234
2026-01-08 12:09:36,339
2026-01-08 12:09:37,314
2026-01-08 12:09:38,271
2026-01-08 12:09:39,282
2026-01-08 12:09:40,330
2026-01-08 12:09:41,337
2026-01-08 12:09:42,322
2026-01-08 12:09:43,342
2026-01-08 12:09:44,330
2026-01-08 12:09:45,281
2026-01-08 12:09:46,282
2026-01-08 12:09:47,319
2026-01-08 12:09:48,391
2026-01-08 12:09:49,378
2026-01-08 12:09:50,255
2026-01-08 12:09:51,282
2026-01-08 12:09:52,275
2026-01-08 12:09:53,300
2026-01-08 12:09:54,253
2026-01-08 12:09:55,356
2026-01-08 12:09:56,331
2026-01-08 12:09:57,86
2026-01-08 12:09:58,48
2026-01-08 12:09:59,52
2026-01-08 12:10:00,52
2026-01-08 12:10:01,56
2026-01-08 12:10:02,65
2026-01-08 12:10:03,54
2026-01-08 12:10:04,50
2026-01-08 12:10:05,60
2026-01-08 12:10:06,133
2026-01-08 12:10:07,82
2026-01-08 12:10:08,277
2026-01-08 12:10:09,68
2026-01-08 12:10:10,57
2026-01-08 12:10:11,53
2026-01-08 12:10:12,70
2026-01-08 12:10:13,45
2026-01-08 12:10:14,74
2026-01-08 12:10:15,52
2026-01-08 12:10:16,35
2026-01-08 12:10:17,61
2026-01-08 12:10:18,48
2026-01-08 12:10:19,55
2026-01-08 12:10:20,298
2026-01-08 12:10:21,506
2026-01-08 12:10:22,44
2026-01-08 12:10:23,169
2026-01-08 12:10:24,44
2026-01-08 12:10:25,65
2026-01-08 12:10:26,1378
2026-01-08 12:10:27,184
2026-01-08 12:10:28,200
2026-01-08 12:10:29,139
2026-01-08 12:10:30,123
2026-01-08 12:10:31,250
2026-01-08 12:10:32,274
2026-01-08 12:10:33,224
2026-01-08 12:10:34,82
2026-01-08 12:10:35,52
2026-01-08 12:10:36,78
2026-01-08 12:10:37,47
2026-01-08 12:10:38,60
2026-01-08 12:10:39,106
2026-01-08 12:10:40,114
2026-01-08 12:10:41,112
2026-01-08 12:10:42,132
2026-01-08 12:10:43,77
2026-01-08 12:10:44,107
2026-01-08 12:10:45,84
2026-01-08 12:10:46,101
2026-01-08 12:10:47,201
2026-01-08 12:10:48,78
2026-01-08 12:10:49,97
2026-01-08 12:10:50,101
2026-01-08 12:10:51,289
2026-01-08 12:10:52,118
2026-01-08 12:10:53,75
2026-01-08 12:10:54,64
2026-01-08 12:10:55,68
2026-01-08 12:10:56,60
2026-01-08 12:10:57,59
2026-01-08 12:10:58,71
2026-01-08 12:10:59,73
2026-01-08 12:11:00,50
2026-01-08 12:11:01,89
2026-01-08 12:11:02,47
2026-01-08 12:11:03,50
2026-01-08 12:11:04,59
2026-01-08 12:11:05,55
2026-01-08 12:11:06,143
2026-01-08 12:11:07,73
2026-01-08 12:11:08,64
2026-01-08 12:11:09,97
2026-01-08 12:11:10,50
2026-01-08 12:11:11,85
2026-01-08 12:11:12,43
2026-01-08 12:11:13,77
2026-01-08 12:11:14,141
2026-01-08 12:11:15,90
2026-01-08 12:11:16,71
2026-01-08 12:11:17,57
2026-01-08 12:11:18,64
2026-01-08 12:11:19,60
2026-01-08 12:11:20,61
2026-01-08 12:11:21,82
2026-01-08 12:11:22,78
2026-01-08 12:11:23,59
2026-01-08 12:11:24,138
2026-01-08 12:11:25,64
2026-01-08 12:11:26,56
2026-01-08 12:11:27,50
2026-01-08 12:11:28,50
2026-01-08 12:11:29,59
2026-01-08 12:11:30,51
2026-01-08 12:11:31,86
2026-01-08 12:11:32,44
2026-01-08 12:11:33,90
2026-01-08 12:11:34,129
2026-01-08 12:11:35,64
2026-01-08 12:11:36,65
2026-01-08 12:11:37,48
2026-01-08 12:11:38,64
2026-01-08 12:11:39,57
2026-01-08 12:11:40,56
2026-01-08 12:11:41,77
2026-01-08 12:11:42,42
2026-01-08 12:11:43,57
2026-01-08 12:11:44,78
2026-01-08 12:11:45,110
2026-01-08 12:11:46,59
2026-01-08 12:11:47,46
2026-01-08 12:11:48,50
2026-01-08 12:11:49,63
2026-01-08 12:11:50,76
2026-01-08 12:11:51,75
2026-01-08 12:11:52,48
2026-01-08 12:11:53,68
2026-01-08 12:11:54,64
2026-01-08 12:11:55,54
2026-01-08 12:11:56,39
2026-01-08 12:11:57,43
2026-01-08 12:11:58,60
2026-01-08 12:11:59,59
2026-01-08 12:12:00,69
2026-01-08 12:12:01,181
2026-01-08 12:12:02,61
2026-01-08 12:12:03,72
2026-01-08 12:12:04,57
2026-01-08 12:12:05,43
2026-01-08 12:12:06,154
2026-01-08 12:12:07,71
2026-01-08 12:12:08,61
2026-01-08 12:12:09,72
2026-01-08 12:12:10,67
2026-01-08 12:12:11,86
2026-01-08 12:12:12,47
2026-01-08 12:12:13,74
2026-01-08 12:12:14,75
2026-01-08 12:12:15,75
2026-01-08 12:12:16,53
2026-01-08 12:12:17,57
2026-01-08 12:12:18,65
2026-01-08 12:12:19,64
2026-01-08 12:12:20,59
2026-01-08 12:12:21,82
2026-01-08 12:12:22,59
2026-01-08 12:12:23,65
2026-01-08 12:12:24,79
2026-01-08 12:12:25,65
2026-01-08 12:12:26,64
2026-01-08 12:12:27,44
2026-01-08 12:12:28,58
2026-01-08 12:12:29,64
2026-01-08 12:12:30,82
2026-01-08 12:12:31,74
2026-01-08 12:12:32,41
2026-01-08 12:12:33,66
2026-01-08 12:12:34,170
2026-01-08 12:12:35,98
2026-01-08 12:12:36,49
2026-01-08 12:12:37,51
2026-01-08 12:12:38,57
2026-01-08 12:12:39,59
2026-01-08 12:12:40,55
2026-01-08 12:12:41,91
2026-01-08 12:12:42,48
2026-01-08 12:12:43,75
2026-01-08 12:12:44,63
2026-01-08 12:12:45,49
2026-01-08 12:12:46,123
2026-01-08 12:12:47,54
2026-01-08 12:12:48,58
2026-01-08 12:12:49,68
2026-01-08 12:12:50,62
2026-01-08 12:12:51,93
2026-01-08 12:12:52,37
2026-01-08 12:12:53,62
2026-01-08 12:12:54,70
2026-01-08 12:12:55,60
2026-01-08 12:12:56,127
2026-01-08 12:12:57,50
2026-01-08 12:12:58,68
2026-01-08 12:12:59,58
2026-01-08 12:13:00,63
2026-01-08 12:13:01,85
2026-01-08 12:13:02,52
2026-01-08 12:13:03,59
2026-01-08 12:13:04,65
2026-01-08 12:13:05,57
2026-01-08 12:13:06,231
2026-01-08 12:13:07,85
2026-01-08 12:13:08,60
2026-01-08 12:13:09,69
2026-01-08 12:13:10,44
2026-01-08 12:13:11,85
2026-01-08 12:13:12,506
2026-01-08 12:13:13,762
2026-01-08 12:13:14,93
2026-01-08 12:13:15,94
2026-01-08 12:13:16,100
2026-01-08 12:13:17,47
2026-01-08 12:13:18,74
2026-01-08 12:13:19,54
2026-01-08 12:13:20,66
2026-01-08 12:13:21,76
2026-01-08 12:13:22,78
2026-01-08 12:13:23,96
2026-01-08 12:13:24,239
2026-01-08 12:13:25,70
2026-01-08 12:13:26,102
2026-01-08 12:13:27,48
2026-01-08 12:13:28,72
2026-01-08 12:13:29,61
2026-01-08 12:13:30,58
2026-01-08 12:13:31,83
2026-01-08 12:13:32,31
2026-01-08 12:13:33,144
2026-01-08 12:13:34,59
2026-01-08 12:13:35,55
2026-01-08 12:13:36,81
2026-01-08 12:13:37,41
2026-01-08 12:13:38,57
2026-01-08 12:13:39,68
2026-01-08 12:13:40,58
2026-01-08 12:13:41,116
2026-01-08 12:13:42,34
2026-01-08 12:13:43,62
2026-01-08 12:13:44,62
2026-01-08 12:13:45,46
2026-01-08 12:13:46,80
2026-01-08 12:13:47,58
2026-01-08 12:13:48,62
2026-01-08 12:13:49,57
2026-01-08 12:13:50,86
2026-01-08 12:13:51,105
2026-01-08 12:13:52,62
2026-01-08 12:13:53,63
2026-01-08 12:13:54,67
2026-01-08 12:13:55,60
2026-01-08 12:13:56,81
2026-01-08 12:13:57,45
2026-01-08 12:13:58,77
2026-01-08 12:13:59,59
2026-01-08 12:14:00,55
2026-01-08 12:14:01,88
2026-01-08 12:14:02,70
2026-01-08 12:14:03,76
2026-01-08 12:14:04,61
2026-01-08 12:14:05,30
2026-01-08 12:14:06,151
2026-01-08 12:14:07,55
2026-01-08 12:14:08,42
2026-01-08 12:14:09,41
2026-01-08 12:14:10,37
2026-01-08 12:14:11,88
